epoch,train/loss_ce,val/loss_ce,val/acc,stage,device,precompute_kg_multihop,kg_hops,kg_embed_method,kg_subtree_pool_method,kg_relation_pool_method,kg_path_max_paths,primekg_dir,star_meta_path,batch_size,input_embed_dim,embedding_size,gat_depth,gat_hidden_dim,num_factors,dropout,model_variant,run_training,epochs,learning_rate,weight_decay,lambda_div,lambda_sp,label_smoothing,warmup_epochs,analysis_output_dir,seed,kg_relation_limit,selection_metric,early_stopping_patience,early_stopping_min_delta,run_name,relation_limit,kg_source_dir,kg_source_key,num_kg_relations,d_kg
1,4.832852844569994,4.453115411200377,0.03056768558951965,2,cuda,True,2,path_attn,match,match,64,/home/jethrocsau/scGNN-Factors/data/primekgpp_grace_redaf,data/star_graphs_meta.json,16,512,64,1,168,1,0.3,target_plus_context_kg,True,500,0.0001,0.001,0.0001,0.0001,0.05,20,/home/jethrocsau/scGNN-Factors/results/single_variant_runs/grace_redaf/target_plus_context_kg_path_attn_hop2_relall,42,0,val/loss_ce,30,0.001,single_run,all,/home/jethrocsau/scGNN-Factors/data/primekgpp_grace_redaf,grace_redaf,64,256
2,4.4143681899360985,4.154161180471228,0.021834061135371178,2,cuda,True,2,path_attn,match,match,64,/home/jethrocsau/scGNN-Factors/data/primekgpp_grace_redaf,data/star_graphs_meta.json,16,512,64,1,168,1,0.3,target_plus_context_kg,True,500,0.0001,0.001,0.0001,0.0001,0.05,20,/home/jethrocsau/scGNN-Factors/results/single_variant_runs/grace_redaf/target_plus_context_kg_path_attn_hop2_relall,42,0,val/loss_ce,30,0.001,single_run,all,/home/jethrocsau/scGNN-Factors/data/primekgpp_grace_redaf,grace_redaf,64,256
3,4.2198764531508735,4.024833462644352,0.021834061135371178,2,cuda,True,2,path_attn,match,match,64,/home/jethrocsau/scGNN-Factors/data/primekgpp_grace_redaf,data/star_graphs_meta.json,16,512,64,1,168,1,0.3,target_plus_context_kg,True,500,0.0001,0.001,0.0001,0.0001,0.05,20,/home/jethrocsau/scGNN-Factors/results/single_variant_runs/grace_redaf/target_plus_context_kg_path_attn_hop2_relall,42,0,val/loss_ce,30,0.001,single_run,all,/home/jethrocsau/scGNN-Factors/data/primekgpp_grace_redaf,grace_redaf,64,256
4,4.160685624247012,3.965474264069936,0.021834061135371178,2,cuda,True,2,path_attn,match,match,64,/home/jethrocsau/scGNN-Factors/data/primekgpp_grace_redaf,data/star_graphs_meta.json,16,512,64,1,168,1,0.3,target_plus_context_kg,True,500,0.0001,0.001,0.0001,0.0001,0.05,20,/home/jethrocsau/scGNN-Factors/results/single_variant_runs/grace_redaf/target_plus_context_kg_path_attn_hop2_relall,42,0,val/loss_ce,30,0.001,single_run,all,/home/jethrocsau/scGNN-Factors/data/primekgpp_grace_redaf,grace_redaf,64,256
5,4.122473223313041,3.9330287750110875,0.021834061135371178,2,cuda,True,2,path_attn,match,match,64,/home/jethrocsau/scGNN-Factors/data/primekgpp_grace_redaf,data/star_graphs_meta.json,16,512,64,1,168,1,0.3,target_plus_context_kg,True,500,0.0001,0.001,0.0001,0.0001,0.05,20,/home/jethrocsau/scGNN-Factors/results/single_variant_runs/grace_redaf/target_plus_context_kg_path_attn_hop2_relall,42,0,val/loss_ce,30,0.001,single_run,all,/home/jethrocsau/scGNN-Factors/data/primekgpp_grace_redaf,grace_redaf,64,256
6,4.097197387529456,3.9055530119150488,0.021834061135371178,2,cuda,True,2,path_attn,match,match,64,/home/jethrocsau/scGNN-Factors/data/primekgpp_grace_redaf,data/star_graphs_meta.json,16,512,64,1,168,1,0.3,target_plus_context_kg,True,500,0.0001,0.001,0.0001,0.0001,0.05,20,/home/jethrocsau/scGNN-Factors/results/single_variant_runs/grace_redaf/target_plus_context_kg_path_attn_hop2_relall,42,0,val/loss_ce,30,0.001,single_run,all,/home/jethrocsau/scGNN-Factors/data/primekgpp_grace_redaf,grace_redaf,64,256
7,4.085961422712907,3.8930420844315443,0.021834061135371178,2,cuda,True,2,path_attn,match,match,64,/home/jethrocsau/scGNN-Factors/data/primekgpp_grace_redaf,data/star_graphs_meta.json,16,512,64,1,168,1,0.3,target_plus_context_kg,True,500,0.0001,0.001,0.0001,0.0001,0.05,20,/home/jethrocsau/scGNN-Factors/results/single_variant_runs/grace_redaf/target_plus_context_kg_path_attn_hop2_relall,42,0,val/loss_ce,30,0.001,single_run,all,/home/jethrocsau/scGNN-Factors/data/primekgpp_grace_redaf,grace_redaf,64,256
8,4.084987379157025,3.8862811498766905,0.021834061135371178,2,cuda,True,2,path_attn,match,match,64,/home/jethrocsau/scGNN-Factors/data/primekgpp_grace_redaf,data/star_graphs_meta.json,16,512,64,1,168,1,0.3,target_plus_context_kg,True,500,0.0001,0.001,0.0001,0.0001,0.05,20,/home/jethrocsau/scGNN-Factors/results/single_variant_runs/grace_redaf/target_plus_context_kg_path_attn_hop2_relall,42,0,val/loss_ce,30,0.001,single_run,all,/home/jethrocsau/scGNN-Factors/data/primekgpp_grace_redaf,grace_redaf,64,256
9,4.077476530489714,3.881601308631064,0.021834061135371178,2,cuda,True,2,path_attn,match,match,64,/home/jethrocsau/scGNN-Factors/data/primekgpp_grace_redaf,data/star_graphs_meta.json,16,512,64,1,168,1,0.3,target_plus_context_kg,True,500,0.0001,0.001,0.0001,0.0001,0.05,20,/home/jethrocsau/scGNN-Factors/results/single_variant_runs/grace_redaf/target_plus_context_kg_path_attn_hop2_relall,42,0,val/loss_ce,30,0.001,single_run,all,/home/jethrocsau/scGNN-Factors/data/primekgpp_grace_redaf,grace_redaf,64,256
10,4.0710795464723,3.8798897859831563,0.021834061135371178,2,cuda,True,2,path_attn,match,match,64,/home/jethrocsau/scGNN-Factors/data/primekgpp_grace_redaf,data/star_graphs_meta.json,16,512,64,1,168,1,0.3,target_plus_context_kg,True,500,0.0001,0.001,0.0001,0.0001,0.05,20,/home/jethrocsau/scGNN-Factors/results/single_variant_runs/grace_redaf/target_plus_context_kg_path_attn_hop2_relall,42,0,val/loss_ce,30,0.001,single_run,all,/home/jethrocsau/scGNN-Factors/data/primekgpp_grace_redaf,grace_redaf,64,256
11,4.07564466310584,3.8740415875047574,0.021834061135371178,2,cuda,True,2,path_attn,match,match,64,/home/jethrocsau/scGNN-Factors/data/primekgpp_grace_redaf,data/star_graphs_meta.json,16,512,64,1,168,1,0.3,target_plus_context_kg,True,500,0.0001,0.001,0.0001,0.0001,0.05,20,/home/jethrocsau/scGNN-Factors/results/single_variant_runs/grace_redaf/target_plus_context_kg_path_attn_hop2_relall,42,0,val/loss_ce,30,0.001,single_run,all,/home/jethrocsau/scGNN-Factors/data/primekgpp_grace_redaf,grace_redaf,64,256
12,4.078828233221303,3.8668838994471786,0.026200873362445413,2,cuda,True,2,path_attn,match,match,64,/home/jethrocsau/scGNN-Factors/data/primekgpp_grace_redaf,data/star_graphs_meta.json,16,512,64,1,168,1,0.3,target_plus_context_kg,True,500,0.0001,0.001,0.0001,0.0001,0.05,20,/home/jethrocsau/scGNN-Factors/results/single_variant_runs/grace_redaf/target_plus_context_kg_path_attn_hop2_relall,42,0,val/loss_ce,30,0.001,single_run,all,/home/jethrocsau/scGNN-Factors/data/primekgpp_grace_redaf,grace_redaf,64,256
13,4.06539887552676,3.8593416443037674,0.043668122270742356,2,cuda,True,2,path_attn,match,match,64,/home/jethrocsau/scGNN-Factors/data/primekgpp_grace_redaf,data/star_graphs_meta.json,16,512,64,1,168,1,0.3,target_plus_context_kg,True,500,0.0001,0.001,0.0001,0.0001,0.05,20,/home/jethrocsau/scGNN-Factors/results/single_variant_runs/grace_redaf/target_plus_context_kg_path_attn_hop2_relall,42,0,val/loss_ce,30,0.001,single_run,all,/home/jethrocsau/scGNN-Factors/data/primekgpp_grace_redaf,grace_redaf,64,256
14,4.03609355221624,3.8619637791246304,0.021834061135371178,2,cuda,True,2,path_attn,match,match,64,/home/jethrocsau/scGNN-Factors/data/primekgpp_grace_redaf,data/star_graphs_meta.json,16,512,64,1,168,1,0.3,target_plus_context_kg,True,500,0.0001,0.001,0.0001,0.0001,0.05,20,/home/jethrocsau/scGNN-Factors/results/single_variant_runs/grace_redaf/target_plus_context_kg_path_attn_hop2_relall,42,0,val/loss_ce,30,0.001,single_run,all,/home/jethrocsau/scGNN-Factors/data/primekgpp_grace_redaf,grace_redaf,64,256
15,4.004560060086457,3.830489670865921,0.043668122270742356,2,cuda,True,2,path_attn,match,match,64,/home/jethrocsau/scGNN-Factors/data/primekgpp_grace_redaf,data/star_graphs_meta.json,16,512,64,1,168,1,0.3,target_plus_context_kg,True,500,0.0001,0.001,0.0001,0.0001,0.05,20,/home/jethrocsau/scGNN-Factors/results/single_variant_runs/grace_redaf/target_plus_context_kg_path_attn_hop2_relall,42,0,val/loss_ce,30,0.001,single_run,all,/home/jethrocsau/scGNN-Factors/data/primekgpp_grace_redaf,grace_redaf,64,256
16,3.9880505105723505,3.828125498700871,0.056768558951965066,2,cuda,True,2,path_attn,match,match,64,/home/jethrocsau/scGNN-Factors/data/primekgpp_grace_redaf,data/star_graphs_meta.json,16,512,64,1,168,1,0.3,target_plus_context_kg,True,500,0.0001,0.001,0.0001,0.0001,0.05,20,/home/jethrocsau/scGNN-Factors/results/single_variant_runs/grace_redaf/target_plus_context_kg_path_attn_hop2_relall,42,0,val/loss_ce,30,0.001,single_run,all,/home/jethrocsau/scGNN-Factors/data/primekgpp_grace_redaf,grace_redaf,64,256
17,3.9487409570942753,3.7921520445544648,0.05240174672489083,2,cuda,True,2,path_attn,match,match,64,/home/jethrocsau/scGNN-Factors/data/primekgpp_grace_redaf,data/star_graphs_meta.json,16,512,64,1,168,1,0.3,target_plus_context_kg,True,500,0.0001,0.001,0.0001,0.0001,0.05,20,/home/jethrocsau/scGNN-Factors/results/single_variant_runs/grace_redaf/target_plus_context_kg_path_attn_hop2_relall,42,0,val/loss_ce,30,0.001,single_run,all,/home/jethrocsau/scGNN-Factors/data/primekgpp_grace_redaf,grace_redaf,64,256
18,3.927291100958119,3.7720744058034303,0.056768558951965066,2,cuda,True,2,path_attn,match,match,64,/home/jethrocsau/scGNN-Factors/data/primekgpp_grace_redaf,data/star_graphs_meta.json,16,512,64,1,168,1,0.3,target_plus_context_kg,True,500,0.0001,0.001,0.0001,0.0001,0.05,20,/home/jethrocsau/scGNN-Factors/results/single_variant_runs/grace_redaf/target_plus_context_kg_path_attn_hop2_relall,42,0,val/loss_ce,30,0.001,single_run,all,/home/jethrocsau/scGNN-Factors/data/primekgpp_grace_redaf,grace_redaf,64,256
19,3.8861885485441787,3.7464387885347725,0.048034934497816595,2,cuda,True,2,path_attn,match,match,64,/home/jethrocsau/scGNN-Factors/data/primekgpp_grace_redaf,data/star_graphs_meta.json,16,512,64,1,168,1,0.3,target_plus_context_kg,True,500,0.0001,0.001,0.0001,0.0001,0.05,20,/home/jethrocsau/scGNN-Factors/results/single_variant_runs/grace_redaf/target_plus_context_kg_path_attn_hop2_relall,42,0,val/loss_ce,30,0.001,single_run,all,/home/jethrocsau/scGNN-Factors/data/primekgpp_grace_redaf,grace_redaf,64,256
20,3.8636834745821744,3.722383067076904,0.08296943231441048,2,cuda,True,2,path_attn,match,match,64,/home/jethrocsau/scGNN-Factors/data/primekgpp_grace_redaf,data/star_graphs_meta.json,16,512,64,1,168,1,0.3,target_plus_context_kg,True,500,0.0001,0.001,0.0001,0.0001,0.05,20,/home/jethrocsau/scGNN-Factors/results/single_variant_runs/grace_redaf/target_plus_context_kg_path_attn_hop2_relall,42,0,val/loss_ce,30,0.001,single_run,all,/home/jethrocsau/scGNN-Factors/data/primekgpp_grace_redaf,grace_redaf,64,256
21,3.8461345983588178,3.6492506322902365,0.08733624454148471,2,cuda,True,2,path_attn,match,match,64,/home/jethrocsau/scGNN-Factors/data/primekgpp_grace_redaf,data/star_graphs_meta.json,16,512,64,1,168,1,0.3,target_plus_context_kg,True,500,0.0001,0.001,0.0001,0.0001,0.05,20,/home/jethrocsau/scGNN-Factors/results/single_variant_runs/grace_redaf/target_plus_context_kg_path_attn_hop2_relall,42,0,val/loss_ce,30,0.001,single_run,all,/home/jethrocsau/scGNN-Factors/data/primekgpp_grace_redaf,grace_redaf,64,256
22,3.75339150014131,3.6669886237148637,0.11790393013100436,2,cuda,True,2,path_attn,match,match,64,/home/jethrocsau/scGNN-Factors/data/primekgpp_grace_redaf,data/star_graphs_meta.json,16,512,64,1,168,1,0.3,target_plus_context_kg,True,500,0.0001,0.001,0.0001,0.0001,0.05,20,/home/jethrocsau/scGNN-Factors/results/single_variant_runs/grace_redaf/target_plus_context_kg_path_attn_hop2_relall,42,0,val/loss_ce,30,0.001,single_run,all,/home/jethrocsau/scGNN-Factors/data/primekgpp_grace_redaf,grace_redaf,64,256
23,3.7150661074596902,3.6397618581113855,0.09606986899563319,2,cuda,True,2,path_attn,match,match,64,/home/jethrocsau/scGNN-Factors/data/primekgpp_grace_redaf,data/star_graphs_meta.json,16,512,64,1,168,1,0.3,target_plus_context_kg,True,500,0.0001,0.001,0.0001,0.0001,0.05,20,/home/jethrocsau/scGNN-Factors/results/single_variant_runs/grace_redaf/target_plus_context_kg_path_attn_hop2_relall,42,0,val/loss_ce,30,0.001,single_run,all,/home/jethrocsau/scGNN-Factors/data/primekgpp_grace_redaf,grace_redaf,64,256
24,3.6505465486775273,3.5956756329432324,0.11790393013100436,2,cuda,True,2,path_attn,match,match,64,/home/jethrocsau/scGNN-Factors/data/primekgpp_grace_redaf,data/star_graphs_meta.json,16,512,64,1,168,1,0.3,target_plus_context_kg,True,500,0.0001,0.001,0.0001,0.0001,0.05,20,/home/jethrocsau/scGNN-Factors/results/single_variant_runs/grace_redaf/target_plus_context_kg_path_attn_hop2_relall,42,0,val/loss_ce,30,0.001,single_run,all,/home/jethrocsau/scGNN-Factors/data/primekgpp_grace_redaf,grace_redaf,64,256
25,3.607901260127192,3.5427828813744426,0.13537117903930132,2,cuda,True,2,path_attn,match,match,64,/home/jethrocsau/scGNN-Factors/data/primekgpp_grace_redaf,data/star_graphs_meta.json,16,512,64,1,168,1,0.3,target_plus_context_kg,True,500,0.0001,0.001,0.0001,0.0001,0.05,20,/home/jethrocsau/scGNN-Factors/results/single_variant_runs/grace_redaf/target_plus_context_kg_path_attn_hop2_relall,42,0,val/loss_ce,30,0.001,single_run,all,/home/jethrocsau/scGNN-Factors/data/primekgpp_grace_redaf,grace_redaf,64,256
26,3.604159863098808,3.545837796931704,0.08733624454148471,2,cuda,True,2,path_attn,match,match,64,/home/jethrocsau/scGNN-Factors/data/primekgpp_grace_redaf,data/star_graphs_meta.json,16,512,64,1,168,1,0.3,target_plus_context_kg,True,500,0.0001,0.001,0.0001,0.0001,0.05,20,/home/jethrocsau/scGNN-Factors/results/single_variant_runs/grace_redaf/target_plus_context_kg_path_attn_hop2_relall,42,0,val/loss_ce,30,0.001,single_run,all,/home/jethrocsau/scGNN-Factors/data/primekgpp_grace_redaf,grace_redaf,64,256
27,3.5256439271180526,3.4544631778933597,0.14847161572052403,2,cuda,True,2,path_attn,match,match,64,/home/jethrocsau/scGNN-Factors/data/primekgpp_grace_redaf,data/star_graphs_meta.json,16,512,64,1,168,1,0.3,target_plus_context_kg,True,500,0.0001,0.001,0.0001,0.0001,0.05,20,/home/jethrocsau/scGNN-Factors/results/single_variant_runs/grace_redaf/target_plus_context_kg_path_attn_hop2_relall,42,0,val/loss_ce,30,0.001,single_run,all,/home/jethrocsau/scGNN-Factors/data/primekgpp_grace_redaf,grace_redaf,64,256
28,3.5267696359883183,3.4452885311243318,0.13537117903930132,2,cuda,True,2,path_attn,match,match,64,/home/jethrocsau/scGNN-Factors/data/primekgpp_grace_redaf,data/star_graphs_meta.json,16,512,64,1,168,1,0.3,target_plus_context_kg,True,500,0.0001,0.001,0.0001,0.0001,0.05,20,/home/jethrocsau/scGNN-Factors/results/single_variant_runs/grace_redaf/target_plus_context_kg_path_attn_hop2_relall,42,0,val/loss_ce,30,0.001,single_run,all,/home/jethrocsau/scGNN-Factors/data/primekgpp_grace_redaf,grace_redaf,64,256
29,3.477970979524695,3.4345898336718697,0.1572052401746725,2,cuda,True,2,path_attn,match,match,64,/home/jethrocsau/scGNN-Factors/data/primekgpp_grace_redaf,data/star_graphs_meta.json,16,512,64,1,168,1,0.3,target_plus_context_kg,True,500,0.0001,0.001,0.0001,0.0001,0.05,20,/home/jethrocsau/scGNN-Factors/results/single_variant_runs/grace_redaf/target_plus_context_kg_path_attn_hop2_relall,42,0,val/loss_ce,30,0.001,single_run,all,/home/jethrocsau/scGNN-Factors/data/primekgpp_grace_redaf,grace_redaf,64,256
30,3.4221268508745277,3.5023662762870957,0.12663755458515283,2,cuda,True,2,path_attn,match,match,64,/home/jethrocsau/scGNN-Factors/data/primekgpp_grace_redaf,data/star_graphs_meta.json,16,512,64,1,168,1,0.3,target_plus_context_kg,True,500,0.0001,0.001,0.0001,0.0001,0.05,20,/home/jethrocsau/scGNN-Factors/results/single_variant_runs/grace_redaf/target_plus_context_kg_path_attn_hop2_relall,42,0,val/loss_ce,30,0.001,single_run,all,/home/jethrocsau/scGNN-Factors/data/primekgpp_grace_redaf,grace_redaf,64,256
31,3.4528844356536865,3.370014609207753,0.19213973799126638,2,cuda,True,2,path_attn,match,match,64,/home/jethrocsau/scGNN-Factors/data/primekgpp_grace_redaf,data/star_graphs_meta.json,16,512,64,1,168,1,0.3,target_plus_context_kg,True,500,0.0001,0.001,0.0001,0.0001,0.05,20,/home/jethrocsau/scGNN-Factors/results/single_variant_runs/grace_redaf/target_plus_context_kg_path_attn_hop2_relall,42,0,val/loss_ce,30,0.001,single_run,all,/home/jethrocsau/scGNN-Factors/data/primekgpp_grace_redaf,grace_redaf,64,256
32,3.3800090395885967,3.303087201180937,0.18340611353711792,2,cuda,True,2,path_attn,match,match,64,/home/jethrocsau/scGNN-Factors/data/primekgpp_grace_redaf,data/star_graphs_meta.json,16,512,64,1,168,1,0.3,target_plus_context_kg,True,500,0.0001,0.001,0.0001,0.0001,0.05,20,/home/jethrocsau/scGNN-Factors/results/single_variant_runs/grace_redaf/target_plus_context_kg_path_attn_hop2_relall,42,0,val/loss_ce,30,0.001,single_run,all,/home/jethrocsau/scGNN-Factors/data/primekgpp_grace_redaf,grace_redaf,64,256
33,3.3455448192098864,3.3525888482556074,0.1615720524017467,2,cuda,True,2,path_attn,match,match,64,/home/jethrocsau/scGNN-Factors/data/primekgpp_grace_redaf,data/star_graphs_meta.json,16,512,64,1,168,1,0.3,target_plus_context_kg,True,500,0.0001,0.001,0.0001,0.0001,0.05,20,/home/jethrocsau/scGNN-Factors/results/single_variant_runs/grace_redaf/target_plus_context_kg_path_attn_hop2_relall,42,0,val/loss_ce,30,0.001,single_run,all,/home/jethrocsau/scGNN-Factors/data/primekgpp_grace_redaf,grace_redaf,64,256
34,3.330443228846011,3.244820485469035,0.22270742358078602,2,cuda,True,2,path_attn,match,match,64,/home/jethrocsau/scGNN-Factors/data/primekgpp_grace_redaf,data/star_graphs_meta.json,16,512,64,1,168,1,0.3,target_plus_context_kg,True,500,0.0001,0.001,0.0001,0.0001,0.05,20,/home/jethrocsau/scGNN-Factors/results/single_variant_runs/grace_redaf/target_plus_context_kg_path_attn_hop2_relall,42,0,val/loss_ce,30,0.001,single_run,all,/home/jethrocsau/scGNN-Factors/data/primekgpp_grace_redaf,grace_redaf,64,256
35,3.3185570944910463,3.255809516365351,0.18340611353711792,2,cuda,True,2,path_attn,match,match,64,/home/jethrocsau/scGNN-Factors/data/primekgpp_grace_redaf,data/star_graphs_meta.json,16,512,64,1,168,1,0.3,target_plus_context_kg,True,500,0.0001,0.001,0.0001,0.0001,0.05,20,/home/jethrocsau/scGNN-Factors/results/single_variant_runs/grace_redaf/target_plus_context_kg_path_attn_hop2_relall,42,0,val/loss_ce,30,0.001,single_run,all,/home/jethrocsau/scGNN-Factors/data/primekgpp_grace_redaf,grace_redaf,64,256
36,3.273768147178318,3.24237576322264,0.18777292576419213,2,cuda,True,2,path_attn,match,match,64,/home/jethrocsau/scGNN-Factors/data/primekgpp_grace_redaf,data/star_graphs_meta.json,16,512,64,1,168,1,0.3,target_plus_context_kg,True,500,0.0001,0.001,0.0001,0.0001,0.05,20,/home/jethrocsau/scGNN-Factors/results/single_variant_runs/grace_redaf/target_plus_context_kg_path_attn_hop2_relall,42,0,val/loss_ce,30,0.001,single_run,all,/home/jethrocsau/scGNN-Factors/data/primekgpp_grace_redaf,grace_redaf,64,256
37,3.214627342638762,3.160386436370783,0.22270742358078602,2,cuda,True,2,path_attn,match,match,64,/home/jethrocsau/scGNN-Factors/data/primekgpp_grace_redaf,data/star_graphs_meta.json,16,512,64,1,168,1,0.3,target_plus_context_kg,True,500,0.0001,0.001,0.0001,0.0001,0.05,20,/home/jethrocsau/scGNN-Factors/results/single_variant_runs/grace_redaf/target_plus_context_kg_path_attn_hop2_relall,42,0,val/loss_ce,30,0.001,single_run,all,/home/jethrocsau/scGNN-Factors/data/primekgpp_grace_redaf,grace_redaf,64,256
38,3.1851068206455397,3.1689482942939327,0.23580786026200873,2,cuda,True,2,path_attn,match,match,64,/home/jethrocsau/scGNN-Factors/data/primekgpp_grace_redaf,data/star_graphs_meta.json,16,512,64,1,168,1,0.3,target_plus_context_kg,True,500,0.0001,0.001,0.0001,0.0001,0.05,20,/home/jethrocsau/scGNN-Factors/results/single_variant_runs/grace_redaf/target_plus_context_kg_path_attn_hop2_relall,42,0,val/loss_ce,30,0.001,single_run,all,/home/jethrocsau/scGNN-Factors/data/primekgpp_grace_redaf,grace_redaf,64,256
39,3.1151520376620083,3.1106808331335474,0.24890829694323144,2,cuda,True,2,path_attn,match,match,64,/home/jethrocsau/scGNN-Factors/data/primekgpp_grace_redaf,data/star_graphs_meta.json,16,512,64,1,168,1,0.3,target_plus_context_kg,True,500,0.0001,0.001,0.0001,0.0001,0.05,20,/home/jethrocsau/scGNN-Factors/results/single_variant_runs/grace_redaf/target_plus_context_kg_path_attn_hop2_relall,42,0,val/loss_ce,30,0.001,single_run,all,/home/jethrocsau/scGNN-Factors/data/primekgpp_grace_redaf,grace_redaf,64,256
40,3.111307544293611,3.13361175195619,0.2183406113537118,2,cuda,True,2,path_attn,match,match,64,/home/jethrocsau/scGNN-Factors/data/primekgpp_grace_redaf,data/star_graphs_meta.json,16,512,64,1,168,1,0.3,target_plus_context_kg,True,500,0.0001,0.001,0.0001,0.0001,0.05,20,/home/jethrocsau/scGNN-Factors/results/single_variant_runs/grace_redaf/target_plus_context_kg_path_attn_hop2_relall,42,0,val/loss_ce,30,0.001,single_run,all,/home/jethrocsau/scGNN-Factors/data/primekgpp_grace_redaf,grace_redaf,64,256
41,3.050199970991715,3.0096031994798818,0.3056768558951965,2,cuda,True,2,path_attn,match,match,64,/home/jethrocsau/scGNN-Factors/data/primekgpp_grace_redaf,data/star_graphs_meta.json,16,512,64,1,168,1,0.3,target_plus_context_kg,True,500,0.0001,0.001,0.0001,0.0001,0.05,20,/home/jethrocsau/scGNN-Factors/results/single_variant_runs/grace_redaf/target_plus_context_kg_path_attn_hop2_relall,42,0,val/loss_ce,30,0.001,single_run,all,/home/jethrocsau/scGNN-Factors/data/primekgpp_grace_redaf,grace_redaf,64,256
42,3.0001496024753735,2.975810597557168,0.2663755458515284,2,cuda,True,2,path_attn,match,match,64,/home/jethrocsau/scGNN-Factors/data/primekgpp_grace_redaf,data/star_graphs_meta.json,16,512,64,1,168,1,0.3,target_plus_context_kg,True,500,0.0001,0.001,0.0001,0.0001,0.05,20,/home/jethrocsau/scGNN-Factors/results/single_variant_runs/grace_redaf/target_plus_context_kg_path_attn_hop2_relall,42,0,val/loss_ce,30,0.001,single_run,all,/home/jethrocsau/scGNN-Factors/data/primekgpp_grace_redaf,grace_redaf,64,256
43,2.956832168413245,3.1490565855950767,0.20087336244541484,2,cuda,True,2,path_attn,match,match,64,/home/jethrocsau/scGNN-Factors/data/primekgpp_grace_redaf,data/star_graphs_meta.json,16,512,64,1,168,1,0.3,target_plus_context_kg,True,500,0.0001,0.001,0.0001,0.0001,0.05,20,/home/jethrocsau/scGNN-Factors/results/single_variant_runs/grace_redaf/target_plus_context_kg_path_attn_hop2_relall,42,0,val/loss_ce,30,0.001,single_run,all,/home/jethrocsau/scGNN-Factors/data/primekgpp_grace_redaf,grace_redaf,64,256
44,2.925872626511947,2.9323678204065846,0.26200873362445415,2,cuda,True,2,path_attn,match,match,64,/home/jethrocsau/scGNN-Factors/data/primekgpp_grace_redaf,data/star_graphs_meta.json,16,512,64,1,168,1,0.3,target_plus_context_kg,True,500,0.0001,0.001,0.0001,0.0001,0.05,20,/home/jethrocsau/scGNN-Factors/results/single_variant_runs/grace_redaf/target_plus_context_kg_path_attn_hop2_relall,42,0,val/loss_ce,30,0.001,single_run,all,/home/jethrocsau/scGNN-Factors/data/primekgpp_grace_redaf,grace_redaf,64,256
45,2.850363194424173,2.84699624074078,0.34934497816593885,2,cuda,True,2,path_attn,match,match,64,/home/jethrocsau/scGNN-Factors/data/primekgpp_grace_redaf,data/star_graphs_meta.json,16,512,64,1,168,1,0.3,target_plus_context_kg,True,500,0.0001,0.001,0.0001,0.0001,0.05,20,/home/jethrocsau/scGNN-Factors/results/single_variant_runs/grace_redaf/target_plus_context_kg_path_attn_hop2_relall,42,0,val/loss_ce,30,0.001,single_run,all,/home/jethrocsau/scGNN-Factors/data/primekgpp_grace_redaf,grace_redaf,64,256
46,2.7772655155347743,2.817444255778883,0.3406113537117904,2,cuda,True,2,path_attn,match,match,64,/home/jethrocsau/scGNN-Factors/data/primekgpp_grace_redaf,data/star_graphs_meta.json,16,512,64,1,168,1,0.3,target_plus_context_kg,True,500,0.0001,0.001,0.0001,0.0001,0.05,20,/home/jethrocsau/scGNN-Factors/results/single_variant_runs/grace_redaf/target_plus_context_kg_path_attn_hop2_relall,42,0,val/loss_ce,30,0.001,single_run,all,/home/jethrocsau/scGNN-Factors/data/primekgpp_grace_redaf,grace_redaf,64,256
47,2.8010088734004808,2.8115087346739123,0.3406113537117904,2,cuda,True,2,path_attn,match,match,64,/home/jethrocsau/scGNN-Factors/data/primekgpp_grace_redaf,data/star_graphs_meta.json,16,512,64,1,168,1,0.3,target_plus_context_kg,True,500,0.0001,0.001,0.0001,0.0001,0.05,20,/home/jethrocsau/scGNN-Factors/results/single_variant_runs/grace_redaf/target_plus_context_kg_path_attn_hop2_relall,42,0,val/loss_ce,30,0.001,single_run,all,/home/jethrocsau/scGNN-Factors/data/primekgpp_grace_redaf,grace_redaf,64,256
48,2.7203010870062787,2.923828483148433,0.2663755458515284,2,cuda,True,2,path_attn,match,match,64,/home/jethrocsau/scGNN-Factors/data/primekgpp_grace_redaf,data/star_graphs_meta.json,16,512,64,1,168,1,0.3,target_plus_context_kg,True,500,0.0001,0.001,0.0001,0.0001,0.05,20,/home/jethrocsau/scGNN-Factors/results/single_variant_runs/grace_redaf/target_plus_context_kg_path_attn_hop2_relall,42,0,val/loss_ce,30,0.001,single_run,all,/home/jethrocsau/scGNN-Factors/data/primekgpp_grace_redaf,grace_redaf,64,256
49,2.6878481097843334,2.75627802865474,0.34497816593886466,2,cuda,True,2,path_attn,match,match,64,/home/jethrocsau/scGNN-Factors/data/primekgpp_grace_redaf,data/star_graphs_meta.json,16,512,64,1,168,1,0.3,target_plus_context_kg,True,500,0.0001,0.001,0.0001,0.0001,0.05,20,/home/jethrocsau/scGNN-Factors/results/single_variant_runs/grace_redaf/target_plus_context_kg_path_attn_hop2_relall,42,0,val/loss_ce,30,0.001,single_run,all,/home/jethrocsau/scGNN-Factors/data/primekgpp_grace_redaf,grace_redaf,64,256
50,2.6170821666717528,2.7951818647342996,0.29694323144104806,2,cuda,True,2,path_attn,match,match,64,/home/jethrocsau/scGNN-Factors/data/primekgpp_grace_redaf,data/star_graphs_meta.json,16,512,64,1,168,1,0.3,target_plus_context_kg,True,500,0.0001,0.001,0.0001,0.0001,0.05,20,/home/jethrocsau/scGNN-Factors/results/single_variant_runs/grace_redaf/target_plus_context_kg_path_attn_hop2_relall,42,0,val/loss_ce,30,0.001,single_run,all,/home/jethrocsau/scGNN-Factors/data/primekgpp_grace_redaf,grace_redaf,64,256
51,2.601069989411727,2.682823175946698,0.35807860262008734,2,cuda,True,2,path_attn,match,match,64,/home/jethrocsau/scGNN-Factors/data/primekgpp_grace_redaf,data/star_graphs_meta.json,16,512,64,1,168,1,0.3,target_plus_context_kg,True,500,0.0001,0.001,0.0001,0.0001,0.05,20,/home/jethrocsau/scGNN-Factors/results/single_variant_runs/grace_redaf/target_plus_context_kg_path_attn_hop2_relall,42,0,val/loss_ce,30,0.001,single_run,all,/home/jethrocsau/scGNN-Factors/data/primekgpp_grace_redaf,grace_redaf,64,256
52,2.564397797377213,2.6361166119054937,0.36681222707423583,2,cuda,True,2,path_attn,match,match,64,/home/jethrocsau/scGNN-Factors/data/primekgpp_grace_redaf,data/star_graphs_meta.json,16,512,64,1,168,1,0.3,target_plus_context_kg,True,500,0.0001,0.001,0.0001,0.0001,0.05,20,/home/jethrocsau/scGNN-Factors/results/single_variant_runs/grace_redaf/target_plus_context_kg_path_attn_hop2_relall,42,0,val/loss_ce,30,0.001,single_run,all,/home/jethrocsau/scGNN-Factors/data/primekgpp_grace_redaf,grace_redaf,64,256
53,2.5230306086332903,2.6185488357294076,0.42358078602620086,2,cuda,True,2,path_attn,match,match,64,/home/jethrocsau/scGNN-Factors/data/primekgpp_grace_redaf,data/star_graphs_meta.json,16,512,64,1,168,1,0.3,target_plus_context_kg,True,500,0.0001,0.001,0.0001,0.0001,0.05,20,/home/jethrocsau/scGNN-Factors/results/single_variant_runs/grace_redaf/target_plus_context_kg_path_attn_hop2_relall,42,0,val/loss_ce,30,0.001,single_run,all,/home/jethrocsau/scGNN-Factors/data/primekgpp_grace_redaf,grace_redaf,64,256
54,2.523695829640264,2.8200917337659144,0.34934497816593885,2,cuda,True,2,path_attn,match,match,64,/home/jethrocsau/scGNN-Factors/data/primekgpp_grace_redaf,data/star_graphs_meta.json,16,512,64,1,168,1,0.3,target_plus_context_kg,True,500,0.0001,0.001,0.0001,0.0001,0.05,20,/home/jethrocsau/scGNN-Factors/results/single_variant_runs/grace_redaf/target_plus_context_kg_path_attn_hop2_relall,42,0,val/loss_ce,30,0.001,single_run,all,/home/jethrocsau/scGNN-Factors/data/primekgpp_grace_redaf,grace_redaf,64,256
55,2.489082272156425,2.704408409293562,0.3799126637554585,2,cuda,True,2,path_attn,match,match,64,/home/jethrocsau/scGNN-Factors/data/primekgpp_grace_redaf,data/star_graphs_meta.json,16,512,64,1,168,1,0.3,target_plus_context_kg,True,500,0.0001,0.001,0.0001,0.0001,0.05,20,/home/jethrocsau/scGNN-Factors/results/single_variant_runs/grace_redaf/target_plus_context_kg_path_attn_hop2_relall,42,0,val/loss_ce,30,0.001,single_run,all,/home/jethrocsau/scGNN-Factors/data/primekgpp_grace_redaf,grace_redaf,64,256
56,2.41851065573485,2.552472625757409,0.44541484716157204,2,cuda,True,2,path_attn,match,match,64,/home/jethrocsau/scGNN-Factors/data/primekgpp_grace_redaf,data/star_graphs_meta.json,16,512,64,1,168,1,0.3,target_plus_context_kg,True,500,0.0001,0.001,0.0001,0.0001,0.05,20,/home/jethrocsau/scGNN-Factors/results/single_variant_runs/grace_redaf/target_plus_context_kg_path_attn_hop2_relall,42,0,val/loss_ce,30,0.001,single_run,all,/home/jethrocsau/scGNN-Factors/data/primekgpp_grace_redaf,grace_redaf,64,256
57,2.3522998488467675,2.5238276152631602,0.44541484716157204,2,cuda,True,2,path_attn,match,match,64,/home/jethrocsau/scGNN-Factors/data/primekgpp_grace_redaf,data/star_graphs_meta.json,16,512,64,1,168,1,0.3,target_plus_context_kg,True,500,0.0001,0.001,0.0001,0.0001,0.05,20,/home/jethrocsau/scGNN-Factors/results/single_variant_runs/grace_redaf/target_plus_context_kg_path_attn_hop2_relall,42,0,val/loss_ce,30,0.001,single_run,all,/home/jethrocsau/scGNN-Factors/data/primekgpp_grace_redaf,grace_redaf,64,256
58,2.3511276815248574,2.4819132657030263,0.47161572052401746,2,cuda,True,2,path_attn,match,match,64,/home/jethrocsau/scGNN-Factors/data/primekgpp_grace_redaf,data/star_graphs_meta.json,16,512,64,1,168,1,0.3,target_plus_context_kg,True,500,0.0001,0.001,0.0001,0.0001,0.05,20,/home/jethrocsau/scGNN-Factors/results/single_variant_runs/grace_redaf/target_plus_context_kg_path_attn_hop2_relall,42,0,val/loss_ce,30,0.001,single_run,all,/home/jethrocsau/scGNN-Factors/data/primekgpp_grace_redaf,grace_redaf,64,256
59,2.3416957326557326,2.4969507159103994,0.44541484716157204,2,cuda,True,2,path_attn,match,match,64,/home/jethrocsau/scGNN-Factors/data/primekgpp_grace_redaf,data/star_graphs_meta.json,16,512,64,1,168,1,0.3,target_plus_context_kg,True,500,0.0001,0.001,0.0001,0.0001,0.05,20,/home/jethrocsau/scGNN-Factors/results/single_variant_runs/grace_redaf/target_plus_context_kg_path_attn_hop2_relall,42,0,val/loss_ce,30,0.001,single_run,all,/home/jethrocsau/scGNN-Factors/data/primekgpp_grace_redaf,grace_redaf,64,256
60,2.2418085087900574,2.4307995977360086,0.4672489082969432,2,cuda,True,2,path_attn,match,match,64,/home/jethrocsau/scGNN-Factors/data/primekgpp_grace_redaf,data/star_graphs_meta.json,16,512,64,1,168,1,0.3,target_plus_context_kg,True,500,0.0001,0.001,0.0001,0.0001,0.05,20,/home/jethrocsau/scGNN-Factors/results/single_variant_runs/grace_redaf/target_plus_context_kg_path_attn_hop2_relall,42,0,val/loss_ce,30,0.001,single_run,all,/home/jethrocsau/scGNN-Factors/data/primekgpp_grace_redaf,grace_redaf,64,256
61,2.2083185299583104,2.376111123239109,0.4890829694323144,2,cuda,True,2,path_attn,match,match,64,/home/jethrocsau/scGNN-Factors/data/primekgpp_grace_redaf,data/star_graphs_meta.json,16,512,64,1,168,1,0.3,target_plus_context_kg,True,500,0.0001,0.001,0.0001,0.0001,0.05,20,/home/jethrocsau/scGNN-Factors/results/single_variant_runs/grace_redaf/target_plus_context_kg_path_attn_hop2_relall,42,0,val/loss_ce,30,0.001,single_run,all,/home/jethrocsau/scGNN-Factors/data/primekgpp_grace_redaf,grace_redaf,64,256
62,2.2343421407367874,2.4517583800195086,0.4672489082969432,2,cuda,True,2,path_attn,match,match,64,/home/jethrocsau/scGNN-Factors/data/primekgpp_grace_redaf,data/star_graphs_meta.json,16,512,64,1,168,1,0.3,target_plus_context_kg,True,500,0.0001,0.001,0.0001,0.0001,0.05,20,/home/jethrocsau/scGNN-Factors/results/single_variant_runs/grace_redaf/target_plus_context_kg_path_attn_hop2_relall,42,0,val/loss_ce,30,0.001,single_run,all,/home/jethrocsau/scGNN-Factors/data/primekgpp_grace_redaf,grace_redaf,64,256
63,2.1951474241588427,2.4249146640561032,0.5021834061135371,2,cuda,True,2,path_attn,match,match,64,/home/jethrocsau/scGNN-Factors/data/primekgpp_grace_redaf,data/star_graphs_meta.json,16,512,64,1,168,1,0.3,target_plus_context_kg,True,500,0.0001,0.001,0.0001,0.0001,0.05,20,/home/jethrocsau/scGNN-Factors/results/single_variant_runs/grace_redaf/target_plus_context_kg_path_attn_hop2_relall,42,0,val/loss_ce,30,0.001,single_run,all,/home/jethrocsau/scGNN-Factors/data/primekgpp_grace_redaf,grace_redaf,64,256
64,2.198123812675476,2.5911691735405067,0.3406113537117904,2,cuda,True,2,path_attn,match,match,64,/home/jethrocsau/scGNN-Factors/data/primekgpp_grace_redaf,data/star_graphs_meta.json,16,512,64,1,168,1,0.3,target_plus_context_kg,True,500,0.0001,0.001,0.0001,0.0001,0.05,20,/home/jethrocsau/scGNN-Factors/results/single_variant_runs/grace_redaf/target_plus_context_kg_path_attn_hop2_relall,42,0,val/loss_ce,30,0.001,single_run,all,/home/jethrocsau/scGNN-Factors/data/primekgpp_grace_redaf,grace_redaf,64,256
65,2.1260206357292506,2.333259145765846,0.4759825327510917,2,cuda,True,2,path_attn,match,match,64,/home/jethrocsau/scGNN-Factors/data/primekgpp_grace_redaf,data/star_graphs_meta.json,16,512,64,1,168,1,0.3,target_plus_context_kg,True,500,0.0001,0.001,0.0001,0.0001,0.05,20,/home/jethrocsau/scGNN-Factors/results/single_variant_runs/grace_redaf/target_plus_context_kg_path_attn_hop2_relall,42,0,val/loss_ce,30,0.001,single_run,all,/home/jethrocsau/scGNN-Factors/data/primekgpp_grace_redaf,grace_redaf,64,256
66,2.1044010307477867,2.245819846094956,0.5458515283842795,2,cuda,True,2,path_attn,match,match,64,/home/jethrocsau/scGNN-Factors/data/primekgpp_grace_redaf,data/star_graphs_meta.json,16,512,64,1,168,1,0.3,target_plus_context_kg,True,500,0.0001,0.001,0.0001,0.0001,0.05,20,/home/jethrocsau/scGNN-Factors/results/single_variant_runs/grace_redaf/target_plus_context_kg_path_attn_hop2_relall,42,0,val/loss_ce,30,0.001,single_run,all,/home/jethrocsau/scGNN-Factors/data/primekgpp_grace_redaf,grace_redaf,64,256
67,2.0218860999397608,2.2081657887546258,0.5633187772925764,2,cuda,True,2,path_attn,match,match,64,/home/jethrocsau/scGNN-Factors/data/primekgpp_grace_redaf,data/star_graphs_meta.json,16,512,64,1,168,1,0.3,target_plus_context_kg,True,500,0.0001,0.001,0.0001,0.0001,0.05,20,/home/jethrocsau/scGNN-Factors/results/single_variant_runs/grace_redaf/target_plus_context_kg_path_attn_hop2_relall,42,0,val/loss_ce,30,0.001,single_run,all,/home/jethrocsau/scGNN-Factors/data/primekgpp_grace_redaf,grace_redaf,64,256
68,1.9970226422600124,2.327715460910547,0.49344978165938863,2,cuda,True,2,path_attn,match,match,64,/home/jethrocsau/scGNN-Factors/data/primekgpp_grace_redaf,data/star_graphs_meta.json,16,512,64,1,168,1,0.3,target_plus_context_kg,True,500,0.0001,0.001,0.0001,0.0001,0.05,20,/home/jethrocsau/scGNN-Factors/results/single_variant_runs/grace_redaf/target_plus_context_kg_path_attn_hop2_relall,42,0,val/loss_ce,30,0.001,single_run,all,/home/jethrocsau/scGNN-Factors/data/primekgpp_grace_redaf,grace_redaf,64,256
69,1.989568831609643,2.3982286448041426,0.43231441048034935,2,cuda,True,2,path_attn,match,match,64,/home/jethrocsau/scGNN-Factors/data/primekgpp_grace_redaf,data/star_graphs_meta.json,16,512,64,1,168,1,0.3,target_plus_context_kg,True,500,0.0001,0.001,0.0001,0.0001,0.05,20,/home/jethrocsau/scGNN-Factors/results/single_variant_runs/grace_redaf/target_plus_context_kg_path_attn_hop2_relall,42,0,val/loss_ce,30,0.001,single_run,all,/home/jethrocsau/scGNN-Factors/data/primekgpp_grace_redaf,grace_redaf,64,256
70,1.9637854679771092,2.2457933956879197,0.5414847161572053,2,cuda,True,2,path_attn,match,match,64,/home/jethrocsau/scGNN-Factors/data/primekgpp_grace_redaf,data/star_graphs_meta.json,16,512,64,1,168,1,0.3,target_plus_context_kg,True,500,0.0001,0.001,0.0001,0.0001,0.05,20,/home/jethrocsau/scGNN-Factors/results/single_variant_runs/grace_redaf/target_plus_context_kg_path_attn_hop2_relall,42,0,val/loss_ce,30,0.001,single_run,all,/home/jethrocsau/scGNN-Factors/data/primekgpp_grace_redaf,grace_redaf,64,256
71,1.9288662350696066,2.186274696125214,0.537117903930131,2,cuda,True,2,path_attn,match,match,64,/home/jethrocsau/scGNN-Factors/data/primekgpp_grace_redaf,data/star_graphs_meta.json,16,512,64,1,168,1,0.3,target_plus_context_kg,True,500,0.0001,0.001,0.0001,0.0001,0.05,20,/home/jethrocsau/scGNN-Factors/results/single_variant_runs/grace_redaf/target_plus_context_kg_path_attn_hop2_relall,42,0,val/loss_ce,30,0.001,single_run,all,/home/jethrocsau/scGNN-Factors/data/primekgpp_grace_redaf,grace_redaf,64,256
72,1.9030803607857745,2.1832331923938733,0.5327510917030568,2,cuda,True,2,path_attn,match,match,64,/home/jethrocsau/scGNN-Factors/data/primekgpp_grace_redaf,data/star_graphs_meta.json,16,512,64,1,168,1,0.3,target_plus_context_kg,True,500,0.0001,0.001,0.0001,0.0001,0.05,20,/home/jethrocsau/scGNN-Factors/results/single_variant_runs/grace_redaf/target_plus_context_kg_path_attn_hop2_relall,42,0,val/loss_ce,30,0.001,single_run,all,/home/jethrocsau/scGNN-Factors/data/primekgpp_grace_redaf,grace_redaf,64,256
73,1.8704641352529112,2.112139809079566,0.5851528384279476,2,cuda,True,2,path_attn,match,match,64,/home/jethrocsau/scGNN-Factors/data/primekgpp_grace_redaf,data/star_graphs_meta.json,16,512,64,1,168,1,0.3,target_plus_context_kg,True,500,0.0001,0.001,0.0001,0.0001,0.05,20,/home/jethrocsau/scGNN-Factors/results/single_variant_runs/grace_redaf/target_plus_context_kg_path_attn_hop2_relall,42,0,val/loss_ce,30,0.001,single_run,all,/home/jethrocsau/scGNN-Factors/data/primekgpp_grace_redaf,grace_redaf,64,256
74,1.8143651060436083,2.1073895906256794,0.6026200873362445,2,cuda,True,2,path_attn,match,match,64,/home/jethrocsau/scGNN-Factors/data/primekgpp_grace_redaf,data/star_graphs_meta.json,16,512,64,1,168,1,0.3,target_plus_context_kg,True,500,0.0001,0.001,0.0001,0.0001,0.05,20,/home/jethrocsau/scGNN-Factors/results/single_variant_runs/grace_redaf/target_plus_context_kg_path_attn_hop2_relall,42,0,val/loss_ce,30,0.001,single_run,all,/home/jethrocsau/scGNN-Factors/data/primekgpp_grace_redaf,grace_redaf,64,256
75,1.7971631993418153,2.16531893467799,0.5764192139737991,2,cuda,True,2,path_attn,match,match,64,/home/jethrocsau/scGNN-Factors/data/primekgpp_grace_redaf,data/star_graphs_meta.json,16,512,64,1,168,1,0.3,target_plus_context_kg,True,500,0.0001,0.001,0.0001,0.0001,0.05,20,/home/jethrocsau/scGNN-Factors/results/single_variant_runs/grace_redaf/target_plus_context_kg_path_attn_hop2_relall,42,0,val/loss_ce,30,0.001,single_run,all,/home/jethrocsau/scGNN-Factors/data/primekgpp_grace_redaf,grace_redaf,64,256
76,1.7579616131989853,2.1265036185235435,0.5895196506550219,2,cuda,True,2,path_attn,match,match,64,/home/jethrocsau/scGNN-Factors/data/primekgpp_grace_redaf,data/star_graphs_meta.json,16,512,64,1,168,1,0.3,target_plus_context_kg,True,500,0.0001,0.001,0.0001,0.0001,0.05,20,/home/jethrocsau/scGNN-Factors/results/single_variant_runs/grace_redaf/target_plus_context_kg_path_attn_hop2_relall,42,0,val/loss_ce,30,0.001,single_run,all,/home/jethrocsau/scGNN-Factors/data/primekgpp_grace_redaf,grace_redaf,64,256
77,1.7330385011175404,2.2003864294576854,0.5327510917030568,2,cuda,True,2,path_attn,match,match,64,/home/jethrocsau/scGNN-Factors/data/primekgpp_grace_redaf,data/star_graphs_meta.json,16,512,64,1,168,1,0.3,target_plus_context_kg,True,500,0.0001,0.001,0.0001,0.0001,0.05,20,/home/jethrocsau/scGNN-Factors/results/single_variant_runs/grace_redaf/target_plus_context_kg_path_attn_hop2_relall,42,0,val/loss_ce,30,0.001,single_run,all,/home/jethrocsau/scGNN-Factors/data/primekgpp_grace_redaf,grace_redaf,64,256
78,1.7297655271447223,2.017980043544519,0.5720524017467249,2,cuda,True,2,path_attn,match,match,64,/home/jethrocsau/scGNN-Factors/data/primekgpp_grace_redaf,data/star_graphs_meta.json,16,512,64,1,168,1,0.3,target_plus_context_kg,True,500,0.0001,0.001,0.0001,0.0001,0.05,20,/home/jethrocsau/scGNN-Factors/results/single_variant_runs/grace_redaf/target_plus_context_kg_path_attn_hop2_relall,42,0,val/loss_ce,30,0.001,single_run,all,/home/jethrocsau/scGNN-Factors/data/primekgpp_grace_redaf,grace_redaf,64,256
79,1.7430723563484523,2.0921352680073033,0.5851528384279476,2,cuda,True,2,path_attn,match,match,64,/home/jethrocsau/scGNN-Factors/data/primekgpp_grace_redaf,data/star_graphs_meta.json,16,512,64,1,168,1,0.3,target_plus_context_kg,True,500,0.0001,0.001,0.0001,0.0001,0.05,20,/home/jethrocsau/scGNN-Factors/results/single_variant_runs/grace_redaf/target_plus_context_kg_path_attn_hop2_relall,42,0,val/loss_ce,30,0.001,single_run,all,/home/jethrocsau/scGNN-Factors/data/primekgpp_grace_redaf,grace_redaf,64,256
80,1.7237148512964664,2.0286636352539062,0.5851528384279476,2,cuda,True,2,path_attn,match,match,64,/home/jethrocsau/scGNN-Factors/data/primekgpp_grace_redaf,data/star_graphs_meta.json,16,512,64,1,168,1,0.3,target_plus_context_kg,True,500,0.0001,0.001,0.0001,0.0001,0.05,20,/home/jethrocsau/scGNN-Factors/results/single_variant_runs/grace_redaf/target_plus_context_kg_path_attn_hop2_relall,42,0,val/loss_ce,30,0.001,single_run,all,/home/jethrocsau/scGNN-Factors/data/primekgpp_grace_redaf,grace_redaf,64,256
81,1.6341584941615228,2.0019565451093118,0.6069868995633187,2,cuda,True,2,path_attn,match,match,64,/home/jethrocsau/scGNN-Factors/data/primekgpp_grace_redaf,data/star_graphs_meta.json,16,512,64,1,168,1,0.3,target_plus_context_kg,True,500,0.0001,0.001,0.0001,0.0001,0.05,20,/home/jethrocsau/scGNN-Factors/results/single_variant_runs/grace_redaf/target_plus_context_kg_path_attn_hop2_relall,42,0,val/loss_ce,30,0.001,single_run,all,/home/jethrocsau/scGNN-Factors/data/primekgpp_grace_redaf,grace_redaf,64,256
82,1.6207030638404514,2.0176229945436837,0.5895196506550219,2,cuda,True,2,path_attn,match,match,64,/home/jethrocsau/scGNN-Factors/data/primekgpp_grace_redaf,data/star_graphs_meta.json,16,512,64,1,168,1,0.3,target_plus_context_kg,True,500,0.0001,0.001,0.0001,0.0001,0.05,20,/home/jethrocsau/scGNN-Factors/results/single_variant_runs/grace_redaf/target_plus_context_kg_path_attn_hop2_relall,42,0,val/loss_ce,30,0.001,single_run,all,/home/jethrocsau/scGNN-Factors/data/primekgpp_grace_redaf,grace_redaf,64,256
83,1.6766778064810712,1.9198834521281147,0.6200873362445415,2,cuda,True,2,path_attn,match,match,64,/home/jethrocsau/scGNN-Factors/data/primekgpp_grace_redaf,data/star_graphs_meta.json,16,512,64,1,168,1,0.3,target_plus_context_kg,True,500,0.0001,0.001,0.0001,0.0001,0.05,20,/home/jethrocsau/scGNN-Factors/results/single_variant_runs/grace_redaf/target_plus_context_kg_path_attn_hop2_relall,42,0,val/loss_ce,30,0.001,single_run,all,/home/jethrocsau/scGNN-Factors/data/primekgpp_grace_redaf,grace_redaf,64,256
84,1.5803770987883858,2.15867904180002,0.5502183406113537,2,cuda,True,2,path_attn,match,match,64,/home/jethrocsau/scGNN-Factors/data/primekgpp_grace_redaf,data/star_graphs_meta.json,16,512,64,1,168,1,0.3,target_plus_context_kg,True,500,0.0001,0.001,0.0001,0.0001,0.05,20,/home/jethrocsau/scGNN-Factors/results/single_variant_runs/grace_redaf/target_plus_context_kg_path_attn_hop2_relall,42,0,val/loss_ce,30,0.001,single_run,all,/home/jethrocsau/scGNN-Factors/data/primekgpp_grace_redaf,grace_redaf,64,256
85,1.5755783734114275,1.969665905794202,0.6069868995633187,2,cuda,True,2,path_attn,match,match,64,/home/jethrocsau/scGNN-Factors/data/primekgpp_grace_redaf,data/star_graphs_meta.json,16,512,64,1,168,1,0.3,target_plus_context_kg,True,500,0.0001,0.001,0.0001,0.0001,0.05,20,/home/jethrocsau/scGNN-Factors/results/single_variant_runs/grace_redaf/target_plus_context_kg_path_attn_hop2_relall,42,0,val/loss_ce,30,0.001,single_run,all,/home/jethrocsau/scGNN-Factors/data/primekgpp_grace_redaf,grace_redaf,64,256
86,1.5438968461492788,2.1552199265842353,0.5109170305676856,2,cuda,True,2,path_attn,match,match,64,/home/jethrocsau/scGNN-Factors/data/primekgpp_grace_redaf,data/star_graphs_meta.json,16,512,64,1,168,1,0.3,target_plus_context_kg,True,500,0.0001,0.001,0.0001,0.0001,0.05,20,/home/jethrocsau/scGNN-Factors/results/single_variant_runs/grace_redaf/target_plus_context_kg_path_attn_hop2_relall,42,0,val/loss_ce,30,0.001,single_run,all,/home/jethrocsau/scGNN-Factors/data/primekgpp_grace_redaf,grace_redaf,64,256
87,1.5444646223731664,1.9238771236619574,0.6244541484716157,2,cuda,True,2,path_attn,match,match,64,/home/jethrocsau/scGNN-Factors/data/primekgpp_grace_redaf,data/star_graphs_meta.json,16,512,64,1,168,1,0.3,target_plus_context_kg,True,500,0.0001,0.001,0.0001,0.0001,0.05,20,/home/jethrocsau/scGNN-Factors/results/single_variant_runs/grace_redaf/target_plus_context_kg_path_attn_hop2_relall,42,0,val/loss_ce,30,0.001,single_run,all,/home/jethrocsau/scGNN-Factors/data/primekgpp_grace_redaf,grace_redaf,64,256
88,1.5299980992856232,2.070260834485683,0.5545851528384279,2,cuda,True,2,path_attn,match,match,64,/home/jethrocsau/scGNN-Factors/data/primekgpp_grace_redaf,data/star_graphs_meta.json,16,512,64,1,168,1,0.3,target_plus_context_kg,True,500,0.0001,0.001,0.0001,0.0001,0.05,20,/home/jethrocsau/scGNN-Factors/results/single_variant_runs/grace_redaf/target_plus_context_kg_path_attn_hop2_relall,42,0,val/loss_ce,30,0.001,single_run,all,/home/jethrocsau/scGNN-Factors/data/primekgpp_grace_redaf,grace_redaf,64,256
89,1.4805439886839493,1.9633068814548342,0.5764192139737991,2,cuda,True,2,path_attn,match,match,64,/home/jethrocsau/scGNN-Factors/data/primekgpp_grace_redaf,data/star_graphs_meta.json,16,512,64,1,168,1,0.3,target_plus_context_kg,True,500,0.0001,0.001,0.0001,0.0001,0.05,20,/home/jethrocsau/scGNN-Factors/results/single_variant_runs/grace_redaf/target_plus_context_kg_path_attn_hop2_relall,42,0,val/loss_ce,30,0.001,single_run,all,/home/jethrocsau/scGNN-Factors/data/primekgpp_grace_redaf,grace_redaf,64,256
90,1.5255959272384643,1.9459719985853636,0.5676855895196506,2,cuda,True,2,path_attn,match,match,64,/home/jethrocsau/scGNN-Factors/data/primekgpp_grace_redaf,data/star_graphs_meta.json,16,512,64,1,168,1,0.3,target_plus_context_kg,True,500,0.0001,0.001,0.0001,0.0001,0.05,20,/home/jethrocsau/scGNN-Factors/results/single_variant_runs/grace_redaf/target_plus_context_kg_path_attn_hop2_relall,42,0,val/loss_ce,30,0.001,single_run,all,/home/jethrocsau/scGNN-Factors/data/primekgpp_grace_redaf,grace_redaf,64,256
91,1.4611371807430102,2.122917325215569,0.4978165938864629,2,cuda,True,2,path_attn,match,match,64,/home/jethrocsau/scGNN-Factors/data/primekgpp_grace_redaf,data/star_graphs_meta.json,16,512,64,1,168,1,0.3,target_plus_context_kg,True,500,0.0001,0.001,0.0001,0.0001,0.05,20,/home/jethrocsau/scGNN-Factors/results/single_variant_runs/grace_redaf/target_plus_context_kg_path_attn_hop2_relall,42,0,val/loss_ce,30,0.001,single_run,all,/home/jethrocsau/scGNN-Factors/data/primekgpp_grace_redaf,grace_redaf,64,256
92,1.418511498492697,1.9921959919700456,0.5982532751091703,2,cuda,True,2,path_attn,match,match,64,/home/jethrocsau/scGNN-Factors/data/primekgpp_grace_redaf,data/star_graphs_meta.json,16,512,64,1,168,1,0.3,target_plus_context_kg,True,500,0.0001,0.001,0.0001,0.0001,0.05,20,/home/jethrocsau/scGNN-Factors/results/single_variant_runs/grace_redaf/target_plus_context_kg_path_attn_hop2_relall,42,0,val/loss_ce,30,0.001,single_run,all,/home/jethrocsau/scGNN-Factors/data/primekgpp_grace_redaf,grace_redaf,64,256
93,1.415499378287274,1.9701123352134071,0.6069868995633187,2,cuda,True,2,path_attn,match,match,64,/home/jethrocsau/scGNN-Factors/data/primekgpp_grace_redaf,data/star_graphs_meta.json,16,512,64,1,168,1,0.3,target_plus_context_kg,True,500,0.0001,0.001,0.0001,0.0001,0.05,20,/home/jethrocsau/scGNN-Factors/results/single_variant_runs/grace_redaf/target_plus_context_kg_path_attn_hop2_relall,42,0,val/loss_ce,30,0.001,single_run,all,/home/jethrocsau/scGNN-Factors/data/primekgpp_grace_redaf,grace_redaf,64,256
94,1.4502558314281961,1.9042600539053371,0.5720524017467249,2,cuda,True,2,path_attn,match,match,64,/home/jethrocsau/scGNN-Factors/data/primekgpp_grace_redaf,data/star_graphs_meta.json,16,512,64,1,168,1,0.3,target_plus_context_kg,True,500,0.0001,0.001,0.0001,0.0001,0.05,20,/home/jethrocsau/scGNN-Factors/results/single_variant_runs/grace_redaf/target_plus_context_kg_path_attn_hop2_relall,42,0,val/loss_ce,30,0.001,single_run,all,/home/jethrocsau/scGNN-Factors/data/primekgpp_grace_redaf,grace_redaf,64,256
95,1.370729937242425,1.8989820620899116,0.611353711790393,2,cuda,True,2,path_attn,match,match,64,/home/jethrocsau/scGNN-Factors/data/primekgpp_grace_redaf,data/star_graphs_meta.json,16,512,64,1,168,1,0.3,target_plus_context_kg,True,500,0.0001,0.001,0.0001,0.0001,0.05,20,/home/jethrocsau/scGNN-Factors/results/single_variant_runs/grace_redaf/target_plus_context_kg_path_attn_hop2_relall,42,0,val/loss_ce,30,0.001,single_run,all,/home/jethrocsau/scGNN-Factors/data/primekgpp_grace_redaf,grace_redaf,64,256
96,1.4162873091905013,1.8426419980661317,0.611353711790393,2,cuda,True,2,path_attn,match,match,64,/home/jethrocsau/scGNN-Factors/data/primekgpp_grace_redaf,data/star_graphs_meta.json,16,512,64,1,168,1,0.3,target_plus_context_kg,True,500,0.0001,0.001,0.0001,0.0001,0.05,20,/home/jethrocsau/scGNN-Factors/results/single_variant_runs/grace_redaf/target_plus_context_kg_path_attn_hop2_relall,42,0,val/loss_ce,30,0.001,single_run,all,/home/jethrocsau/scGNN-Factors/data/primekgpp_grace_redaf,grace_redaf,64,256
97,1.4107087238975193,2.04849381790411,0.5327510917030568,2,cuda,True,2,path_attn,match,match,64,/home/jethrocsau/scGNN-Factors/data/primekgpp_grace_redaf,data/star_graphs_meta.json,16,512,64,1,168,1,0.3,target_plus_context_kg,True,500,0.0001,0.001,0.0001,0.0001,0.05,20,/home/jethrocsau/scGNN-Factors/results/single_variant_runs/grace_redaf/target_plus_context_kg_path_attn_hop2_relall,42,0,val/loss_ce,30,0.001,single_run,all,/home/jethrocsau/scGNN-Factors/data/primekgpp_grace_redaf,grace_redaf,64,256
98,1.3289034729418547,1.8289117193638498,0.611353711790393,2,cuda,True,2,path_attn,match,match,64,/home/jethrocsau/scGNN-Factors/data/primekgpp_grace_redaf,data/star_graphs_meta.json,16,512,64,1,168,1,0.3,target_plus_context_kg,True,500,0.0001,0.001,0.0001,0.0001,0.05,20,/home/jethrocsau/scGNN-Factors/results/single_variant_runs/grace_redaf/target_plus_context_kg_path_attn_hop2_relall,42,0,val/loss_ce,30,0.001,single_run,all,/home/jethrocsau/scGNN-Factors/data/primekgpp_grace_redaf,grace_redaf,64,256
99,1.3302311000616653,1.9663556225955747,0.611353711790393,2,cuda,True,2,path_attn,match,match,64,/home/jethrocsau/scGNN-Factors/data/primekgpp_grace_redaf,data/star_graphs_meta.json,16,512,64,1,168,1,0.3,target_plus_context_kg,True,500,0.0001,0.001,0.0001,0.0001,0.05,20,/home/jethrocsau/scGNN-Factors/results/single_variant_runs/grace_redaf/target_plus_context_kg_path_attn_hop2_relall,42,0,val/loss_ce,30,0.001,single_run,all,/home/jethrocsau/scGNN-Factors/data/primekgpp_grace_redaf,grace_redaf,64,256
100,1.351833739488021,2.026205637048946,0.5676855895196506,2,cuda,True,2,path_attn,match,match,64,/home/jethrocsau/scGNN-Factors/data/primekgpp_grace_redaf,data/star_graphs_meta.json,16,512,64,1,168,1,0.3,target_plus_context_kg,True,500,0.0001,0.001,0.0001,0.0001,0.05,20,/home/jethrocsau/scGNN-Factors/results/single_variant_runs/grace_redaf/target_plus_context_kg_path_attn_hop2_relall,42,0,val/loss_ce,30,0.001,single_run,all,/home/jethrocsau/scGNN-Factors/data/primekgpp_grace_redaf,grace_redaf,64,256
101,1.3003453876661217,1.856141065926531,0.6200873362445415,2,cuda,True,2,path_attn,match,match,64,/home/jethrocsau/scGNN-Factors/data/primekgpp_grace_redaf,data/star_graphs_meta.json,16,512,64,1,168,1,0.3,target_plus_context_kg,True,500,0.0001,0.001,0.0001,0.0001,0.05,20,/home/jethrocsau/scGNN-Factors/results/single_variant_runs/grace_redaf/target_plus_context_kg_path_attn_hop2_relall,42,0,val/loss_ce,30,0.001,single_run,all,/home/jethrocsau/scGNN-Factors/data/primekgpp_grace_redaf,grace_redaf,64,256
102,1.34043818504914,1.845180881596028,0.6331877729257642,2,cuda,True,2,path_attn,match,match,64,/home/jethrocsau/scGNN-Factors/data/primekgpp_grace_redaf,data/star_graphs_meta.json,16,512,64,1,168,1,0.3,target_plus_context_kg,True,500,0.0001,0.001,0.0001,0.0001,0.05,20,/home/jethrocsau/scGNN-Factors/results/single_variant_runs/grace_redaf/target_plus_context_kg_path_attn_hop2_relall,42,0,val/loss_ce,30,0.001,single_run,all,/home/jethrocsau/scGNN-Factors/data/primekgpp_grace_redaf,grace_redaf,64,256
103,1.2828666883966198,1.7650329848043784,0.6637554585152838,2,cuda,True,2,path_attn,match,match,64,/home/jethrocsau/scGNN-Factors/data/primekgpp_grace_redaf,data/star_graphs_meta.json,16,512,64,1,168,1,0.3,target_plus_context_kg,True,500,0.0001,0.001,0.0001,0.0001,0.05,20,/home/jethrocsau/scGNN-Factors/results/single_variant_runs/grace_redaf/target_plus_context_kg_path_attn_hop2_relall,42,0,val/loss_ce,30,0.001,single_run,all,/home/jethrocsau/scGNN-Factors/data/primekgpp_grace_redaf,grace_redaf,64,256
104,1.2554635275965151,1.9177813379004534,0.6200873362445415,2,cuda,True,2,path_attn,match,match,64,/home/jethrocsau/scGNN-Factors/data/primekgpp_grace_redaf,data/star_graphs_meta.json,16,512,64,1,168,1,0.3,target_plus_context_kg,True,500,0.0001,0.001,0.0001,0.0001,0.05,20,/home/jethrocsau/scGNN-Factors/results/single_variant_runs/grace_redaf/target_plus_context_kg_path_attn_hop2_relall,42,0,val/loss_ce,30,0.001,single_run,all,/home/jethrocsau/scGNN-Factors/data/primekgpp_grace_redaf,grace_redaf,64,256
105,1.2863736328871354,1.844817427047996,0.6375545851528385,2,cuda,True,2,path_attn,match,match,64,/home/jethrocsau/scGNN-Factors/data/primekgpp_grace_redaf,data/star_graphs_meta.json,16,512,64,1,168,1,0.3,target_plus_context_kg,True,500,0.0001,0.001,0.0001,0.0001,0.05,20,/home/jethrocsau/scGNN-Factors/results/single_variant_runs/grace_redaf/target_plus_context_kg_path_attn_hop2_relall,42,0,val/loss_ce,30,0.001,single_run,all,/home/jethrocsau/scGNN-Factors/data/primekgpp_grace_redaf,grace_redaf,64,256
106,1.2652246635893116,1.9640738859967894,0.6026200873362445,2,cuda,True,2,path_attn,match,match,64,/home/jethrocsau/scGNN-Factors/data/primekgpp_grace_redaf,data/star_graphs_meta.json,16,512,64,1,168,1,0.3,target_plus_context_kg,True,500,0.0001,0.001,0.0001,0.0001,0.05,20,/home/jethrocsau/scGNN-Factors/results/single_variant_runs/grace_redaf/target_plus_context_kg_path_attn_hop2_relall,42,0,val/loss_ce,30,0.001,single_run,all,/home/jethrocsau/scGNN-Factors/data/primekgpp_grace_redaf,grace_redaf,64,256
107,1.2651811283567678,1.8893185827929901,0.6157205240174672,2,cuda,True,2,path_attn,match,match,64,/home/jethrocsau/scGNN-Factors/data/primekgpp_grace_redaf,data/star_graphs_meta.json,16,512,64,1,168,1,0.3,target_plus_context_kg,True,500,0.0001,0.001,0.0001,0.0001,0.05,20,/home/jethrocsau/scGNN-Factors/results/single_variant_runs/grace_redaf/target_plus_context_kg_path_attn_hop2_relall,42,0,val/loss_ce,30,0.001,single_run,all,/home/jethrocsau/scGNN-Factors/data/primekgpp_grace_redaf,grace_redaf,64,256
108,1.2291524508725042,1.8165759285464558,0.62882096069869,2,cuda,True,2,path_attn,match,match,64,/home/jethrocsau/scGNN-Factors/data/primekgpp_grace_redaf,data/star_graphs_meta.json,16,512,64,1,168,1,0.3,target_plus_context_kg,True,500,0.0001,0.001,0.0001,0.0001,0.05,20,/home/jethrocsau/scGNN-Factors/results/single_variant_runs/grace_redaf/target_plus_context_kg_path_attn_hop2_relall,42,0,val/loss_ce,30,0.001,single_run,all,/home/jethrocsau/scGNN-Factors/data/primekgpp_grace_redaf,grace_redaf,64,256
109,1.249075582234756,1.999843081012043,0.5720524017467249,2,cuda,True,2,path_attn,match,match,64,/home/jethrocsau/scGNN-Factors/data/primekgpp_grace_redaf,data/star_graphs_meta.json,16,512,64,1,168,1,0.3,target_plus_context_kg,True,500,0.0001,0.001,0.0001,0.0001,0.05,20,/home/jethrocsau/scGNN-Factors/results/single_variant_runs/grace_redaf/target_plus_context_kg_path_attn_hop2_relall,42,0,val/loss_ce,30,0.001,single_run,all,/home/jethrocsau/scGNN-Factors/data/primekgpp_grace_redaf,grace_redaf,64,256
110,1.2508371239123137,1.9947848247128284,0.6069868995633187,2,cuda,True,2,path_attn,match,match,64,/home/jethrocsau/scGNN-Factors/data/primekgpp_grace_redaf,data/star_graphs_meta.json,16,512,64,1,168,1,0.3,target_plus_context_kg,True,500,0.0001,0.001,0.0001,0.0001,0.05,20,/home/jethrocsau/scGNN-Factors/results/single_variant_runs/grace_redaf/target_plus_context_kg_path_attn_hop2_relall,42,0,val/loss_ce,30,0.001,single_run,all,/home/jethrocsau/scGNN-Factors/data/primekgpp_grace_redaf,grace_redaf,64,256
111,1.2382737957912944,1.796555926185508,0.6069868995633187,2,cuda,True,2,path_attn,match,match,64,/home/jethrocsau/scGNN-Factors/data/primekgpp_grace_redaf,data/star_graphs_meta.json,16,512,64,1,168,1,0.3,target_plus_context_kg,True,500,0.0001,0.001,0.0001,0.0001,0.05,20,/home/jethrocsau/scGNN-Factors/results/single_variant_runs/grace_redaf/target_plus_context_kg_path_attn_hop2_relall,42,0,val/loss_ce,30,0.001,single_run,all,/home/jethrocsau/scGNN-Factors/data/primekgpp_grace_redaf,grace_redaf,64,256
112,1.2527067770128664,1.8817084085472806,0.5982532751091703,2,cuda,True,2,path_attn,match,match,64,/home/jethrocsau/scGNN-Factors/data/primekgpp_grace_redaf,data/star_graphs_meta.json,16,512,64,1,168,1,0.3,target_plus_context_kg,True,500,0.0001,0.001,0.0001,0.0001,0.05,20,/home/jethrocsau/scGNN-Factors/results/single_variant_runs/grace_redaf/target_plus_context_kg_path_attn_hop2_relall,42,0,val/loss_ce,30,0.001,single_run,all,/home/jethrocsau/scGNN-Factors/data/primekgpp_grace_redaf,grace_redaf,64,256
113,1.1893428662548895,2.068409353364503,0.5589519650655022,2,cuda,True,2,path_attn,match,match,64,/home/jethrocsau/scGNN-Factors/data/primekgpp_grace_redaf,data/star_graphs_meta.json,16,512,64,1,168,1,0.3,target_plus_context_kg,True,500,0.0001,0.001,0.0001,0.0001,0.05,20,/home/jethrocsau/scGNN-Factors/results/single_variant_runs/grace_redaf/target_plus_context_kg_path_attn_hop2_relall,42,0,val/loss_ce,30,0.001,single_run,all,/home/jethrocsau/scGNN-Factors/data/primekgpp_grace_redaf,grace_redaf,64,256
114,1.1541900899099267,1.8628978239917338,0.6331877729257642,2,cuda,True,2,path_attn,match,match,64,/home/jethrocsau/scGNN-Factors/data/primekgpp_grace_redaf,data/star_graphs_meta.json,16,512,64,1,168,1,0.3,target_plus_context_kg,True,500,0.0001,0.001,0.0001,0.0001,0.05,20,/home/jethrocsau/scGNN-Factors/results/single_variant_runs/grace_redaf/target_plus_context_kg_path_attn_hop2_relall,42,0,val/loss_ce,30,0.001,single_run,all,/home/jethrocsau/scGNN-Factors/data/primekgpp_grace_redaf,grace_redaf,64,256
115,1.1916122897811559,1.8917055702625925,0.6244541484716157,2,cuda,True,2,path_attn,match,match,64,/home/jethrocsau/scGNN-Factors/data/primekgpp_grace_redaf,data/star_graphs_meta.json,16,512,64,1,168,1,0.3,target_plus_context_kg,True,500,0.0001,0.001,0.0001,0.0001,0.05,20,/home/jethrocsau/scGNN-Factors/results/single_variant_runs/grace_redaf/target_plus_context_kg_path_attn_hop2_relall,42,0,val/loss_ce,30,0.001,single_run,all,/home/jethrocsau/scGNN-Factors/data/primekgpp_grace_redaf,grace_redaf,64,256
116,1.148331730262093,1.8544064427046796,0.6331877729257642,2,cuda,True,2,path_attn,match,match,64,/home/jethrocsau/scGNN-Factors/data/primekgpp_grace_redaf,data/star_graphs_meta.json,16,512,64,1,168,1,0.3,target_plus_context_kg,True,500,0.0001,0.001,0.0001,0.0001,0.05,20,/home/jethrocsau/scGNN-Factors/results/single_variant_runs/grace_redaf/target_plus_context_kg_path_attn_hop2_relall,42,0,val/loss_ce,30,0.001,single_run,all,/home/jethrocsau/scGNN-Factors/data/primekgpp_grace_redaf,grace_redaf,64,256
117,1.1629239543624545,1.747130027504467,0.6593886462882096,2,cuda,True,2,path_attn,match,match,64,/home/jethrocsau/scGNN-Factors/data/primekgpp_grace_redaf,data/star_graphs_meta.json,16,512,64,1,168,1,0.3,target_plus_context_kg,True,500,0.0001,0.001,0.0001,0.0001,0.05,20,/home/jethrocsau/scGNN-Factors/results/single_variant_runs/grace_redaf/target_plus_context_kg_path_attn_hop2_relall,42,0,val/loss_ce,30,0.001,single_run,all,/home/jethrocsau/scGNN-Factors/data/primekgpp_grace_redaf,grace_redaf,64,256
118,1.1837304483289304,1.7783088730932843,0.6681222707423581,2,cuda,True,2,path_attn,match,match,64,/home/jethrocsau/scGNN-Factors/data/primekgpp_grace_redaf,data/star_graphs_meta.json,16,512,64,1,168,1,0.3,target_plus_context_kg,True,500,0.0001,0.001,0.0001,0.0001,0.05,20,/home/jethrocsau/scGNN-Factors/results/single_variant_runs/grace_redaf/target_plus_context_kg_path_attn_hop2_relall,42,0,val/loss_ce,30,0.001,single_run,all,/home/jethrocsau/scGNN-Factors/data/primekgpp_grace_redaf,grace_redaf,64,256
119,1.1170829881792483,2.0188514488753273,0.5851528384279476,2,cuda,True,2,path_attn,match,match,64,/home/jethrocsau/scGNN-Factors/data/primekgpp_grace_redaf,data/star_graphs_meta.json,16,512,64,1,168,1,0.3,target_plus_context_kg,True,500,0.0001,0.001,0.0001,0.0001,0.05,20,/home/jethrocsau/scGNN-Factors/results/single_variant_runs/grace_redaf/target_plus_context_kg_path_attn_hop2_relall,42,0,val/loss_ce,30,0.001,single_run,all,/home/jethrocsau/scGNN-Factors/data/primekgpp_grace_redaf,grace_redaf,64,256
120,1.1016379283822102,1.8541832376255218,0.6244541484716157,2,cuda,True,2,path_attn,match,match,64,/home/jethrocsau/scGNN-Factors/data/primekgpp_grace_redaf,data/star_graphs_meta.json,16,512,64,1,168,1,0.3,target_plus_context_kg,True,500,0.0001,0.001,0.0001,0.0001,0.05,20,/home/jethrocsau/scGNN-Factors/results/single_variant_runs/grace_redaf/target_plus_context_kg_path_attn_hop2_relall,42,0,val/loss_ce,30,0.001,single_run,all,/home/jethrocsau/scGNN-Factors/data/primekgpp_grace_redaf,grace_redaf,64,256
121,1.1429939254470494,1.844801468099569,0.6419213973799127,2,cuda,True,2,path_attn,match,match,64,/home/jethrocsau/scGNN-Factors/data/primekgpp_grace_redaf,data/star_graphs_meta.json,16,512,64,1,168,1,0.3,target_plus_context_kg,True,500,0.0001,0.001,0.0001,0.0001,0.05,20,/home/jethrocsau/scGNN-Factors/results/single_variant_runs/grace_redaf/target_plus_context_kg_path_attn_hop2_relall,42,0,val/loss_ce,30,0.001,single_run,all,/home/jethrocsau/scGNN-Factors/data/primekgpp_grace_redaf,grace_redaf,64,256
122,1.19429154344227,1.7933293596625848,0.62882096069869,2,cuda,True,2,path_attn,match,match,64,/home/jethrocsau/scGNN-Factors/data/primekgpp_grace_redaf,data/star_graphs_meta.json,16,512,64,1,168,1,0.3,target_plus_context_kg,True,500,0.0001,0.001,0.0001,0.0001,0.05,20,/home/jethrocsau/scGNN-Factors/results/single_variant_runs/grace_redaf/target_plus_context_kg_path_attn_hop2_relall,42,0,val/loss_ce,30,0.001,single_run,all,/home/jethrocsau/scGNN-Factors/data/primekgpp_grace_redaf,grace_redaf,64,256
123,1.1083159026892289,1.8121144860071907,0.6331877729257642,2,cuda,True,2,path_attn,match,match,64,/home/jethrocsau/scGNN-Factors/data/primekgpp_grace_redaf,data/star_graphs_meta.json,16,512,64,1,168,1,0.3,target_plus_context_kg,True,500,0.0001,0.001,0.0001,0.0001,0.05,20,/home/jethrocsau/scGNN-Factors/results/single_variant_runs/grace_redaf/target_plus_context_kg_path_attn_hop2_relall,42,0,val/loss_ce,30,0.001,single_run,all,/home/jethrocsau/scGNN-Factors/data/primekgpp_grace_redaf,grace_redaf,64,256
124,1.1286080339680546,2.0190246287391695,0.6026200873362445,2,cuda,True,2,path_attn,match,match,64,/home/jethrocsau/scGNN-Factors/data/primekgpp_grace_redaf,data/star_graphs_meta.json,16,512,64,1,168,1,0.3,target_plus_context_kg,True,500,0.0001,0.001,0.0001,0.0001,0.05,20,/home/jethrocsau/scGNN-Factors/results/single_variant_runs/grace_redaf/target_plus_context_kg_path_attn_hop2_relall,42,0,val/loss_ce,30,0.001,single_run,all,/home/jethrocsau/scGNN-Factors/data/primekgpp_grace_redaf,grace_redaf,64,256
125,1.0778411538704582,1.9248194267656085,0.5982532751091703,2,cuda,True,2,path_attn,match,match,64,/home/jethrocsau/scGNN-Factors/data/primekgpp_grace_redaf,data/star_graphs_meta.json,16,512,64,1,168,1,0.3,target_plus_context_kg,True,500,0.0001,0.001,0.0001,0.0001,0.05,20,/home/jethrocsau/scGNN-Factors/results/single_variant_runs/grace_redaf/target_plus_context_kg_path_attn_hop2_relall,42,0,val/loss_ce,30,0.001,single_run,all,/home/jethrocsau/scGNN-Factors/data/primekgpp_grace_redaf,grace_redaf,64,256
126,1.12962370644445,1.8582179879517535,0.6244541484716157,2,cuda,True,2,path_attn,match,match,64,/home/jethrocsau/scGNN-Factors/data/primekgpp_grace_redaf,data/star_graphs_meta.json,16,512,64,1,168,1,0.3,target_plus_context_kg,True,500,0.0001,0.001,0.0001,0.0001,0.05,20,/home/jethrocsau/scGNN-Factors/results/single_variant_runs/grace_redaf/target_plus_context_kg_path_attn_hop2_relall,42,0,val/loss_ce,30,0.001,single_run,all,/home/jethrocsau/scGNN-Factors/data/primekgpp_grace_redaf,grace_redaf,64,256
127,1.1265851974487304,1.9327536014490252,0.611353711790393,2,cuda,True,2,path_attn,match,match,64,/home/jethrocsau/scGNN-Factors/data/primekgpp_grace_redaf,data/star_graphs_meta.json,16,512,64,1,168,1,0.3,target_plus_context_kg,True,500,0.0001,0.001,0.0001,0.0001,0.05,20,/home/jethrocsau/scGNN-Factors/results/single_variant_runs/grace_redaf/target_plus_context_kg_path_attn_hop2_relall,42,0,val/loss_ce,30,0.001,single_run,all,/home/jethrocsau/scGNN-Factors/data/primekgpp_grace_redaf,grace_redaf,64,256
128,1.15789061266443,1.955810728031475,0.6244541484716157,2,cuda,True,2,path_attn,match,match,64,/home/jethrocsau/scGNN-Factors/data/primekgpp_grace_redaf,data/star_graphs_meta.json,16,512,64,1,168,1,0.3,target_plus_context_kg,True,500,0.0001,0.001,0.0001,0.0001,0.05,20,/home/jethrocsau/scGNN-Factors/results/single_variant_runs/grace_redaf/target_plus_context_kg_path_attn_hop2_relall,42,0,val/loss_ce,30,0.001,single_run,all,/home/jethrocsau/scGNN-Factors/data/primekgpp_grace_redaf,grace_redaf,64,256
129,1.0628895826961684,1.8617388947041273,0.6244541484716157,2,cuda,True,2,path_attn,match,match,64,/home/jethrocsau/scGNN-Factors/data/primekgpp_grace_redaf,data/star_graphs_meta.json,16,512,64,1,168,1,0.3,target_plus_context_kg,True,500,0.0001,0.001,0.0001,0.0001,0.05,20,/home/jethrocsau/scGNN-Factors/results/single_variant_runs/grace_redaf/target_plus_context_kg_path_attn_hop2_relall,42,0,val/loss_ce,30,0.001,single_run,all,/home/jethrocsau/scGNN-Factors/data/primekgpp_grace_redaf,grace_redaf,64,256
130,1.0964988112449645,2.344047468822596,0.47161572052401746,2,cuda,True,2,path_attn,match,match,64,/home/jethrocsau/scGNN-Factors/data/primekgpp_grace_redaf,data/star_graphs_meta.json,16,512,64,1,168,1,0.3,target_plus_context_kg,True,500,0.0001,0.001,0.0001,0.0001,0.05,20,/home/jethrocsau/scGNN-Factors/results/single_variant_runs/grace_redaf/target_plus_context_kg_path_attn_hop2_relall,42,0,val/loss_ce,30,0.001,single_run,all,/home/jethrocsau/scGNN-Factors/data/primekgpp_grace_redaf,grace_redaf,64,256
131,1.0838631686956985,1.7265659112597136,0.6637554585152838,2,cuda,True,2,path_attn,match,match,64,/home/jethrocsau/scGNN-Factors/data/primekgpp_grace_redaf,data/star_graphs_meta.json,16,512,64,1,168,1,0.3,target_plus_context_kg,True,500,0.0001,0.001,0.0001,0.0001,0.05,20,/home/jethrocsau/scGNN-Factors/results/single_variant_runs/grace_redaf/target_plus_context_kg_path_attn_hop2_relall,42,0,val/loss_ce,30,0.001,single_run,all,/home/jethrocsau/scGNN-Factors/data/primekgpp_grace_redaf,grace_redaf,64,256
132,1.0750563263893127,1.9085321436802893,0.6244541484716157,2,cuda,True,2,path_attn,match,match,64,/home/jethrocsau/scGNN-Factors/data/primekgpp_grace_redaf,data/star_graphs_meta.json,16,512,64,1,168,1,0.3,target_plus_context_kg,True,500,0.0001,0.001,0.0001,0.0001,0.05,20,/home/jethrocsau/scGNN-Factors/results/single_variant_runs/grace_redaf/target_plus_context_kg_path_attn_hop2_relall,42,0,val/loss_ce,30,0.001,single_run,all,/home/jethrocsau/scGNN-Factors/data/primekgpp_grace_redaf,grace_redaf,64,256
133,1.036683842410212,2.02402824970312,0.6244541484716157,2,cuda,True,2,path_attn,match,match,64,/home/jethrocsau/scGNN-Factors/data/primekgpp_grace_redaf,data/star_graphs_meta.json,16,512,64,1,168,1,0.3,target_plus_context_kg,True,500,0.0001,0.001,0.0001,0.0001,0.05,20,/home/jethrocsau/scGNN-Factors/results/single_variant_runs/grace_redaf/target_plus_context_kg_path_attn_hop2_relall,42,0,val/loss_ce,30,0.001,single_run,all,/home/jethrocsau/scGNN-Factors/data/primekgpp_grace_redaf,grace_redaf,64,256
134,1.0325216998224673,2.1423008306578257,0.5589519650655022,2,cuda,True,2,path_attn,match,match,64,/home/jethrocsau/scGNN-Factors/data/primekgpp_grace_redaf,data/star_graphs_meta.json,16,512,64,1,168,1,0.3,target_plus_context_kg,True,500,0.0001,0.001,0.0001,0.0001,0.05,20,/home/jethrocsau/scGNN-Factors/results/single_variant_runs/grace_redaf/target_plus_context_kg_path_attn_hop2_relall,42,0,val/loss_ce,30,0.001,single_run,all,/home/jethrocsau/scGNN-Factors/data/primekgpp_grace_redaf,grace_redaf,64,256
135,1.0557150078856428,2.022005694401837,0.6157205240174672,2,cuda,True,2,path_attn,match,match,64,/home/jethrocsau/scGNN-Factors/data/primekgpp_grace_redaf,data/star_graphs_meta.json,16,512,64,1,168,1,0.3,target_plus_context_kg,True,500,0.0001,0.001,0.0001,0.0001,0.05,20,/home/jethrocsau/scGNN-Factors/results/single_variant_runs/grace_redaf/target_plus_context_kg_path_attn_hop2_relall,42,0,val/loss_ce,30,0.001,single_run,all,/home/jethrocsau/scGNN-Factors/data/primekgpp_grace_redaf,grace_redaf,64,256
136,1.008409089109172,1.8911528066776726,0.62882096069869,2,cuda,True,2,path_attn,match,match,64,/home/jethrocsau/scGNN-Factors/data/primekgpp_grace_redaf,data/star_graphs_meta.json,16,512,64,1,168,1,0.3,target_plus_context_kg,True,500,0.0001,0.001,0.0001,0.0001,0.05,20,/home/jethrocsau/scGNN-Factors/results/single_variant_runs/grace_redaf/target_plus_context_kg_path_attn_hop2_relall,42,0,val/loss_ce,30,0.001,single_run,all,/home/jethrocsau/scGNN-Factors/data/primekgpp_grace_redaf,grace_redaf,64,256
137,1.035774938956551,1.9639014989528072,0.6200873362445415,2,cuda,True,2,path_attn,match,match,64,/home/jethrocsau/scGNN-Factors/data/primekgpp_grace_redaf,data/star_graphs_meta.json,16,512,64,1,168,1,0.3,target_plus_context_kg,True,500,0.0001,0.001,0.0001,0.0001,0.05,20,/home/jethrocsau/scGNN-Factors/results/single_variant_runs/grace_redaf/target_plus_context_kg_path_attn_hop2_relall,42,0,val/loss_ce,30,0.001,single_run,all,/home/jethrocsau/scGNN-Factors/data/primekgpp_grace_redaf,grace_redaf,64,256
138,1.0636715313662652,1.8824534332908398,0.6419213973799127,2,cuda,True,2,path_attn,match,match,64,/home/jethrocsau/scGNN-Factors/data/primekgpp_grace_redaf,data/star_graphs_meta.json,16,512,64,1,168,1,0.3,target_plus_context_kg,True,500,0.0001,0.001,0.0001,0.0001,0.05,20,/home/jethrocsau/scGNN-Factors/results/single_variant_runs/grace_redaf/target_plus_context_kg_path_attn_hop2_relall,42,0,val/loss_ce,30,0.001,single_run,all,/home/jethrocsau/scGNN-Factors/data/primekgpp_grace_redaf,grace_redaf,64,256
139,1.0413269276204316,1.8257972965073899,0.6419213973799127,2,cuda,True,2,path_attn,match,match,64,/home/jethrocsau/scGNN-Factors/data/primekgpp_grace_redaf,data/star_graphs_meta.json,16,512,64,1,168,1,0.3,target_plus_context_kg,True,500,0.0001,0.001,0.0001,0.0001,0.05,20,/home/jethrocsau/scGNN-Factors/results/single_variant_runs/grace_redaf/target_plus_context_kg_path_attn_hop2_relall,42,0,val/loss_ce,30,0.001,single_run,all,/home/jethrocsau/scGNN-Factors/data/primekgpp_grace_redaf,grace_redaf,64,256
140,1.092643019945725,2.007919277166175,0.5982532751091703,2,cuda,True,2,path_attn,match,match,64,/home/jethrocsau/scGNN-Factors/data/primekgpp_grace_redaf,data/star_graphs_meta.json,16,512,64,1,168,1,0.3,target_plus_context_kg,True,500,0.0001,0.001,0.0001,0.0001,0.05,20,/home/jethrocsau/scGNN-Factors/results/single_variant_runs/grace_redaf/target_plus_context_kg_path_attn_hop2_relall,42,0,val/loss_ce,30,0.001,single_run,all,/home/jethrocsau/scGNN-Factors/data/primekgpp_grace_redaf,grace_redaf,64,256
141,1.0470376885455588,1.7430541916185072,0.6724890829694323,2,cuda,True,2,path_attn,match,match,64,/home/jethrocsau/scGNN-Factors/data/primekgpp_grace_redaf,data/star_graphs_meta.json,16,512,64,1,168,1,0.3,target_plus_context_kg,True,500,0.0001,0.001,0.0001,0.0001,0.05,20,/home/jethrocsau/scGNN-Factors/results/single_variant_runs/grace_redaf/target_plus_context_kg_path_attn_hop2_relall,42,0,val/loss_ce,30,0.001,single_run,all,/home/jethrocsau/scGNN-Factors/data/primekgpp_grace_redaf,grace_redaf,64,256
142,1.0637191373368968,1.8204931187317361,0.6724890829694323,2,cuda,True,2,path_attn,match,match,64,/home/jethrocsau/scGNN-Factors/data/primekgpp_grace_redaf,data/star_graphs_meta.json,16,512,64,1,168,1,0.3,target_plus_context_kg,True,500,0.0001,0.001,0.0001,0.0001,0.05,20,/home/jethrocsau/scGNN-Factors/results/single_variant_runs/grace_redaf/target_plus_context_kg_path_attn_hop2_relall,42,0,val/loss_ce,30,0.001,single_run,all,/home/jethrocsau/scGNN-Factors/data/primekgpp_grace_redaf,grace_redaf,64,256
143,1.0879823591398157,1.777170989190647,0.6724890829694323,2,cuda,True,2,path_attn,match,match,64,/home/jethrocsau/scGNN-Factors/data/primekgpp_grace_redaf,data/star_graphs_meta.json,16,512,64,1,168,1,0.3,target_plus_context_kg,True,500,0.0001,0.001,0.0001,0.0001,0.05,20,/home/jethrocsau/scGNN-Factors/results/single_variant_runs/grace_redaf/target_plus_context_kg_path_attn_hop2_relall,42,0,val/loss_ce,30,0.001,single_run,all,/home/jethrocsau/scGNN-Factors/data/primekgpp_grace_redaf,grace_redaf,64,256
144,1.0106033594711967,1.7620944945572765,0.6899563318777293,2,cuda,True,2,path_attn,match,match,64,/home/jethrocsau/scGNN-Factors/data/primekgpp_grace_redaf,data/star_graphs_meta.json,16,512,64,1,168,1,0.3,target_plus_context_kg,True,500,0.0001,0.001,0.0001,0.0001,0.05,20,/home/jethrocsau/scGNN-Factors/results/single_variant_runs/grace_redaf/target_plus_context_kg_path_attn_hop2_relall,42,0,val/loss_ce,30,0.001,single_run,all,/home/jethrocsau/scGNN-Factors/data/primekgpp_grace_redaf,grace_redaf,64,256
145,1.0741809824238653,1.7832537738516863,0.6724890829694323,2,cuda,True,2,path_attn,match,match,64,/home/jethrocsau/scGNN-Factors/data/primekgpp_grace_redaf,data/star_graphs_meta.json,16,512,64,1,168,1,0.3,target_plus_context_kg,True,500,0.0001,0.001,0.0001,0.0001,0.05,20,/home/jethrocsau/scGNN-Factors/results/single_variant_runs/grace_redaf/target_plus_context_kg_path_attn_hop2_relall,42,0,val/loss_ce,30,0.001,single_run,all,/home/jethrocsau/scGNN-Factors/data/primekgpp_grace_redaf,grace_redaf,64,256
146,1.0379856259926505,1.9772003956757258,0.62882096069869,2,cuda,True,2,path_attn,match,match,64,/home/jethrocsau/scGNN-Factors/data/primekgpp_grace_redaf,data/star_graphs_meta.json,16,512,64,1,168,1,0.3,target_plus_context_kg,True,500,0.0001,0.001,0.0001,0.0001,0.05,20,/home/jethrocsau/scGNN-Factors/results/single_variant_runs/grace_redaf/target_plus_context_kg_path_attn_hop2_relall,42,0,val/loss_ce,30,0.001,single_run,all,/home/jethrocsau/scGNN-Factors/data/primekgpp_grace_redaf,grace_redaf,64,256
147,0.9981214424838191,1.990855508496147,0.6244541484716157,2,cuda,True,2,path_attn,match,match,64,/home/jethrocsau/scGNN-Factors/data/primekgpp_grace_redaf,data/star_graphs_meta.json,16,512,64,1,168,1,0.3,target_plus_context_kg,True,500,0.0001,0.001,0.0001,0.0001,0.05,20,/home/jethrocsau/scGNN-Factors/results/single_variant_runs/grace_redaf/target_plus_context_kg_path_attn_hop2_relall,42,0,val/loss_ce,30,0.001,single_run,all,/home/jethrocsau/scGNN-Factors/data/primekgpp_grace_redaf,grace_redaf,64,256
148,1.0334162691365119,2.2229400935651955,0.4978165938864629,2,cuda,True,2,path_attn,match,match,64,/home/jethrocsau/scGNN-Factors/data/primekgpp_grace_redaf,data/star_graphs_meta.json,16,512,64,1,168,1,0.3,target_plus_context_kg,True,500,0.0001,0.001,0.0001,0.0001,0.05,20,/home/jethrocsau/scGNN-Factors/results/single_variant_runs/grace_redaf/target_plus_context_kg_path_attn_hop2_relall,42,0,val/loss_ce,30,0.001,single_run,all,/home/jethrocsau/scGNN-Factors/data/primekgpp_grace_redaf,grace_redaf,64,256
149,1.0115604001542797,1.9566370483048618,0.6419213973799127,2,cuda,True,2,path_attn,match,match,64,/home/jethrocsau/scGNN-Factors/data/primekgpp_grace_redaf,data/star_graphs_meta.json,16,512,64,1,168,1,0.3,target_plus_context_kg,True,500,0.0001,0.001,0.0001,0.0001,0.05,20,/home/jethrocsau/scGNN-Factors/results/single_variant_runs/grace_redaf/target_plus_context_kg_path_attn_hop2_relall,42,0,val/loss_ce,30,0.001,single_run,all,/home/jethrocsau/scGNN-Factors/data/primekgpp_grace_redaf,grace_redaf,64,256
150,1.0353166243304377,2.179487899921867,0.5414847161572053,2,cuda,True,2,path_attn,match,match,64,/home/jethrocsau/scGNN-Factors/data/primekgpp_grace_redaf,data/star_graphs_meta.json,16,512,64,1,168,1,0.3,target_plus_context_kg,True,500,0.0001,0.001,0.0001,0.0001,0.05,20,/home/jethrocsau/scGNN-Factors/results/single_variant_runs/grace_redaf/target_plus_context_kg_path_attn_hop2_relall,42,0,val/loss_ce,30,0.001,single_run,all,/home/jethrocsau/scGNN-Factors/data/primekgpp_grace_redaf,grace_redaf,64,256
151,1.0280184046081875,1.957760092472926,0.6331877729257642,2,cuda,True,2,path_attn,match,match,64,/home/jethrocsau/scGNN-Factors/data/primekgpp_grace_redaf,data/star_graphs_meta.json,16,512,64,1,168,1,0.3,target_plus_context_kg,True,500,0.0001,0.001,0.0001,0.0001,0.05,20,/home/jethrocsau/scGNN-Factors/results/single_variant_runs/grace_redaf/target_plus_context_kg_path_attn_hop2_relall,42,0,val/loss_ce,30,0.001,single_run,all,/home/jethrocsau/scGNN-Factors/data/primekgpp_grace_redaf,grace_redaf,64,256
152,1.0531163967174033,2.1381931919197847,0.5982532751091703,2,cuda,True,2,path_attn,match,match,64,/home/jethrocsau/scGNN-Factors/data/primekgpp_grace_redaf,data/star_graphs_meta.json,16,512,64,1,168,1,0.3,target_plus_context_kg,True,500,0.0001,0.001,0.0001,0.0001,0.05,20,/home/jethrocsau/scGNN-Factors/results/single_variant_runs/grace_redaf/target_plus_context_kg_path_attn_hop2_relall,42,0,val/loss_ce,30,0.001,single_run,all,/home/jethrocsau/scGNN-Factors/data/primekgpp_grace_redaf,grace_redaf,64,256
153,1.000669853583626,2.1843861731899876,0.5589519650655022,2,cuda,True,2,path_attn,match,match,64,/home/jethrocsau/scGNN-Factors/data/primekgpp_grace_redaf,data/star_graphs_meta.json,16,512,64,1,168,1,0.3,target_plus_context_kg,True,500,0.0001,0.001,0.0001,0.0001,0.05,20,/home/jethrocsau/scGNN-Factors/results/single_variant_runs/grace_redaf/target_plus_context_kg_path_attn_hop2_relall,42,0,val/loss_ce,30,0.001,single_run,all,/home/jethrocsau/scGNN-Factors/data/primekgpp_grace_redaf,grace_redaf,64,256
154,1.0411686964656997,1.986822502842116,0.5851528384279476,2,cuda,True,2,path_attn,match,match,64,/home/jethrocsau/scGNN-Factors/data/primekgpp_grace_redaf,data/star_graphs_meta.json,16,512,64,1,168,1,0.3,target_plus_context_kg,True,500,0.0001,0.001,0.0001,0.0001,0.05,20,/home/jethrocsau/scGNN-Factors/results/single_variant_runs/grace_redaf/target_plus_context_kg_path_attn_hop2_relall,42,0,val/loss_ce,30,0.001,single_run,all,/home/jethrocsau/scGNN-Factors/data/primekgpp_grace_redaf,grace_redaf,64,256
155,0.9886889929356782,1.761344767033273,0.6855895196506551,2,cuda,True,2,path_attn,match,match,64,/home/jethrocsau/scGNN-Factors/data/primekgpp_grace_redaf,data/star_graphs_meta.json,16,512,64,1,168,1,0.3,target_plus_context_kg,True,500,0.0001,0.001,0.0001,0.0001,0.05,20,/home/jethrocsau/scGNN-Factors/results/single_variant_runs/grace_redaf/target_plus_context_kg_path_attn_hop2_relall,42,0,val/loss_ce,30,0.001,single_run,all,/home/jethrocsau/scGNN-Factors/data/primekgpp_grace_redaf,grace_redaf,64,256
156,0.9625990940176923,1.8100457717237515,0.6768558951965066,2,cuda,True,2,path_attn,match,match,64,/home/jethrocsau/scGNN-Factors/data/primekgpp_grace_redaf,data/star_graphs_meta.json,16,512,64,1,168,1,0.3,target_plus_context_kg,True,500,0.0001,0.001,0.0001,0.0001,0.05,20,/home/jethrocsau/scGNN-Factors/results/single_variant_runs/grace_redaf/target_plus_context_kg_path_attn_hop2_relall,42,0,val/loss_ce,30,0.001,single_run,all,/home/jethrocsau/scGNN-Factors/data/primekgpp_grace_redaf,grace_redaf,64,256
157,1.0035754504411116,1.815218752128068,0.6593886462882096,2,cuda,True,2,path_attn,match,match,64,/home/jethrocsau/scGNN-Factors/data/primekgpp_grace_redaf,data/star_graphs_meta.json,16,512,64,1,168,1,0.3,target_plus_context_kg,True,500,0.0001,0.001,0.0001,0.0001,0.05,20,/home/jethrocsau/scGNN-Factors/results/single_variant_runs/grace_redaf/target_plus_context_kg_path_attn_hop2_relall,42,0,val/loss_ce,30,0.001,single_run,all,/home/jethrocsau/scGNN-Factors/data/primekgpp_grace_redaf,grace_redaf,64,256
158,0.9815315246582031,1.8112199499096933,0.6855895196506551,2,cuda,True,2,path_attn,match,match,64,/home/jethrocsau/scGNN-Factors/data/primekgpp_grace_redaf,data/star_graphs_meta.json,16,512,64,1,168,1,0.3,target_plus_context_kg,True,500,0.0001,0.001,0.0001,0.0001,0.05,20,/home/jethrocsau/scGNN-Factors/results/single_variant_runs/grace_redaf/target_plus_context_kg_path_attn_hop2_relall,42,0,val/loss_ce,30,0.001,single_run,all,/home/jethrocsau/scGNN-Factors/data/primekgpp_grace_redaf,grace_redaf,64,256
159,0.9948908754017042,1.840220486753372,0.6724890829694323,2,cuda,True,2,path_attn,match,match,64,/home/jethrocsau/scGNN-Factors/data/primekgpp_grace_redaf,data/star_graphs_meta.json,16,512,64,1,168,1,0.3,target_plus_context_kg,True,500,0.0001,0.001,0.0001,0.0001,0.05,20,/home/jethrocsau/scGNN-Factors/results/single_variant_runs/grace_redaf/target_plus_context_kg_path_attn_hop2_relall,42,0,val/loss_ce,30,0.001,single_run,all,/home/jethrocsau/scGNN-Factors/data/primekgpp_grace_redaf,grace_redaf,64,256
160,1.022028128478838,1.8805514433498467,0.6550218340611353,2,cuda,True,2,path_attn,match,match,64,/home/jethrocsau/scGNN-Factors/data/primekgpp_grace_redaf,data/star_graphs_meta.json,16,512,64,1,168,1,0.3,target_plus_context_kg,True,500,0.0001,0.001,0.0001,0.0001,0.05,20,/home/jethrocsau/scGNN-Factors/results/single_variant_runs/grace_redaf/target_plus_context_kg_path_attn_hop2_relall,42,0,val/loss_ce,30,0.001,single_run,all,/home/jethrocsau/scGNN-Factors/data/primekgpp_grace_redaf,grace_redaf,64,256
161,1.0250187215597732,1.9961411442819121,0.6375545851528385,2,cuda,True,2,path_attn,match,match,64,/home/jethrocsau/scGNN-Factors/data/primekgpp_grace_redaf,data/star_graphs_meta.json,16,512,64,1,168,1,0.3,target_plus_context_kg,True,500,0.0001,0.001,0.0001,0.0001,0.05,20,/home/jethrocsau/scGNN-Factors/results/single_variant_runs/grace_redaf/target_plus_context_kg_path_attn_hop2_relall,42,0,val/loss_ce,30,0.001,single_run,all,/home/jethrocsau/scGNN-Factors/data/primekgpp_grace_redaf,grace_redaf,64,256
